	Drug	Target
0	Dapagliflozin	Sodium/glucose cotransporter 2
1	Methotrexate	Dihydrofolate reductase
2	Methotrexate	Thymidylate synthase
3	Methotrexate	Bifunctional purine biosynthesis protein PURH
4	Disulfiram	Aldehyde dehydrogenase, mitochondrial
5	Disulfiram	Dopamine beta-hydroxylase
6	Resiniferatoxin	Transient receptor potential cation channel subfamily V member 1
7	Pyridostigmine	Acetylcholinesterase
8	Pyridostigmine	Cholinesterase
9	Pyridostigmine	Serum albumin
10	Lidocaine	Sodium channel protein type 10 subunit alpha
11	Lidocaine	Sodium channel protein type 9 subunit alpha
12	Lidocaine	Sodium channel protein type 5 subunit alpha
13	Lidocaine	Epidermal growth factor receptor
14	Lidocaine	Sodium channel protein type 4 subunit alpha
15	Lidocaine	Alpha-1-acid glycoprotein 1
16	Lidocaine	Alpha-1-acid glycoprotein 2
17	Thiamine	Thiamin pyrophosphokinase 1
18	Camphor	Camphor 5-monooxygenase
19	Camphor	Transient receptor potential cation channel subfamily V member 1
20	Camphor	Transient receptor potential cation channel subfamily V member 3
21	Camphor	Transient receptor potential cation channel subfamily A member 1
22	Camphor	Transient receptor potential cation channel subfamily M member 8
23	Atorvastatin	3-hydroxy-3-methylglutaryl-coenzyme A reductase
24	Atorvastatin	Dipeptidyl peptidase 4
25	Atorvastatin	Aryl hydrocarbon receptor
26	Atorvastatin	Histone deacetylase 2
27	Atorvastatin	Nuclear receptor subfamily 1 group I member 3
28	Bicalutamide	Androgen receptor
29	Tirofiban	Integrin alpha-IIb
30	Tirofiban	Integrin beta-3
31	Amoxicillin	Penicillin binding protein
32	Dexamethasone	Glucocorticoid receptor
33	Dexamethasone	Nuclear receptor subfamily 0 group B member 1
34	Dexamethasone	Annexin A1
35	Dexamethasone	Nitric oxide synthase, inducible
36	Dexamethasone	Nuclear receptor subfamily 1 group I member 2
37	Piclidenoson	Adenosine receptor A3
38	Spironolactone	Mineralocorticoid receptor
39	Spironolactone	Androgen receptor
40	Spironolactone	Progesterone receptor
41	Spironolactone	Glucocorticoid receptor
42	Spironolactone	Cytochrome P450 11B2, mitochondrial
43	Spironolactone	Steroid 17-alpha-hydroxylase/17,20 lyase
44	Spironolactone	3-oxo-5-alpha-steroid 4-dehydrogenase 1
45	Spironolactone	3-oxo-5-alpha-steroid 4-dehydrogenase 2
46	Spironolactone	Polyprenol reductase
47	Spironolactone	Sex hormone-binding globulin
48	Spironolactone	Voltage-dependent calcium channel gamma-1 subunit
49	Spironolactone	Voltage-dependent calcium channel gamma-2 subunit
50	Spironolactone	Voltage-dependent calcium channel gamma-3 subunit
51	Spironolactone	Voltage-dependent calcium channel gamma-4 subunit
52	Spironolactone	Voltage-dependent calcium channel gamma-5 subunit
53	Spironolactone	Voltage-dependent calcium channel gamma-6 subunit
54	Spironolactone	Voltage-dependent calcium channel gamma-7 subunit
55	Spironolactone	Voltage-dependent calcium channel gamma-8 subunit
56	Spironolactone	Voltage-dependent calcium channel subunit alpha-2/delta-1
57	Spironolactone	Voltage-dependent calcium channel subunit alpha-2/delta-2
58	Spironolactone	Voltage-dependent calcium channel subunit alpha-2/delta-3
59	Spironolactone	Voltage-dependent calcium channel subunit alpha-2/delta-4
60	Spironolactone	Voltage-dependent L-type calcium channel subunit alpha-1C
61	Spironolactone	Voltage-dependent L-type calcium channel subunit alpha-1D
62	Spironolactone	Voltage-dependent L-type calcium channel subunit alpha-1F
63	Spironolactone	Voltage-dependent L-type calcium channel subunit alpha-1S
64	Spironolactone	Voltage-dependent L-type calcium channel subunit beta-1
65	Spironolactone	Voltage-dependent L-type calcium channel subunit beta-2
66	Spironolactone	Voltage-dependent L-type calcium channel subunit beta-3
67	Spironolactone	Voltage-dependent L-type calcium channel subunit beta-4
68	Spironolactone	Voltage-dependent N-type calcium channel subunit alpha-1B
69	Spironolactone	Voltage-dependent P/Q-type calcium channel subunit alpha-1A
70	Spironolactone	Voltage-dependent R-type calcium channel subunit alpha-1E
71	Spironolactone	Voltage-dependent T-type calcium channel subunit alpha-1G
72	Spironolactone	Voltage-dependent T-type calcium channel subunit alpha-1H
73	Spironolactone	Voltage-dependent T-type calcium channel subunit alpha-1I
74	Spironolactone	Nuclear receptor subfamily 1 group I member 2
75	Tenofovir alafenamide	Reverse transcriptase/RNaseH
76	Tenofovir alafenamide	Reverse transcriptase
77	Tenofovir alafenamide	DNA polymerase
78	Noscapine	Sigma non-opioid intracellular receptor 1
79	Curcumin	Peroxisome proliferator-activated receptor gamma
80	Curcumin	Vitamin D3 receptor
81	Curcumin	Multidrug resistance-associated protein 5
82	Curcumin	Carbonyl reductase [NADPH] 1
83	Curcumin	Glutathione S-transferase P
84	Leflunomide	Dihydroorotate dehydrogenase (quinone), mitochondrial
85	Leflunomide	Aryl hydrocarbon receptor
86	Leflunomide	Protein-tyrosine kinase 2-beta
87	Moxifloxacin	DNA topoisomerase 4 subunit A
88	Moxifloxacin	DNA gyrase subunit A
89	Moxifloxacin	DNA topoisomerase 2-alpha
90	Celecoxib	Prostaglandin G/H synthase 2
91	Celecoxib	3-phosphoinositide-dependent protein kinase 1
92	Celecoxib	Carbonic anhydrase 2
93	Celecoxib	Carbonic anhydrase 3
94	Celecoxib	Cadherin-11
95	Telmisartan	Type-1 angiotensin II receptor
96	Telmisartan	Peroxisome proliferator-activated receptor gamma
97	Simvastatin	3-hydroxy-3-methylglutaryl-coenzyme A reductase
98	Simvastatin	Integrin alpha-L
99	Simvastatin	Histone deacetylase 2
100	Nifedipine	Voltage-dependent L-type calcium channel subunit alpha-1C
101	Nifedipine	Nuclear receptor subfamily 1 group I member 2
102	Nifedipine	Calmodulin
103	Nifedipine	Voltage-dependent L-type calcium channel subunit alpha-1D
104	Nifedipine	Voltage-dependent L-type calcium channel subunit alpha-1S
105	Nifedipine	Voltage-dependent L-type calcium channel subunit beta-2
106	Nifedipine	Potassium voltage-gated channel subfamily D member 3
107	Nifedipine	Voltage-dependent T-type calcium channel subunit alpha-1G
108	Nifedipine	Voltage-dependent T-type calcium channel subunit alpha-1H
109	Nifedipine	Voltage-dependent T-type calcium channel subunit alpha-1I
110	Maraviroc	C-C chemokine receptor type 5
111	Vitamin D	Vitamin D3 receptor
112	Vitamin D	Vitamin D-binding protein
113	Pentoxifylline	Adenosine receptor A1
114	Pentoxifylline	Adenosine receptor A2a
115	Pentoxifylline	5'-nucleotidase
116	Diphenhydramine	Histamine H1 receptor
117	Diphenhydramine	Muscarinic acetylcholine receptor M2
118	Pioglitazone	Peroxisome proliferator-activated receptor gamma
119	Pioglitazone	Amine oxidase [flavin-containing] B
120	Aprotinin	Trypsin-1
121	Aprotinin	Chymotrypsinogen B
122	Aprotinin	Plasminogen
123	Aprotinin	Kallikrein-1
124	Ramelteon	Melatonin receptor type 1A
125	Ramelteon	Melatonin receptor type 1B
126	Baricitinib	Tyrosine-protein kinase JAK1
127	Baricitinib	Tyrosine-protein kinase JAK2
128	Baricitinib	Protein-tyrosine kinase 2-beta
129	Baricitinib	Tyrosine-protein kinase JAK3
130	Progesterone	Progesterone receptor
131	Progesterone	Estrogen receptor alpha
132	Progesterone	Mineralocorticoid receptor
133	Progesterone	Steroid 17-alpha-hydroxylase/17,20 lyase
134	Progesterone	Kappa-type opioid receptor
135	Progesterone	Alpha-1-acid glycoprotein 1
136	Progesterone	Glucocorticoid receptor
137	Progesterone	Androgen receptor
138	Progesterone	Sex hormone-binding globulin
139	Progesterone	Estrogen receptor beta
140	Sofosbuvir	RNA-dependent RNA-polymerase
141	Riboflavin	Riboflavin kinase
142	Riboflavin	Riboflavin synthase
143	Riboflavin	Flavin reductase (NADPH)
144	Oleic Acid	Myelin P2 protein
145	Oleic Acid	Peroxisome proliferator-activated receptor alpha
146	Oleic Acid	Peroxisome proliferator-activated receptor delta
147	Oleic Acid	Retinoic acid receptor RXR-alpha
148	Oleic Acid	Peroxisome proliferator-activated receptor gamma
149	Calcifediol	Vitamin D3 receptor
150	Danoprevir	Genome polyprotein
151	Sirolimus	Serine/threonine-protein kinase mTOR
152	Sirolimus	Peptidyl-prolyl cis-trans isomerase FKBP1A
153	Sirolimus	Fibroblast growth factor 2
154	Genistein	Estrogen receptor beta
155	Genistein	DNA topoisomerase 2-alpha
156	Genistein	Protein-tyrosine kinase 2-beta
157	Genistein	Nuclear receptor coactivator 1
158	Genistein	Estrogen receptor alpha
159	Genistein	Nuclear receptor coactivator 2
160	Genistein	Steroid hormone receptor ERR2
161	Genistein	Steroid hormone receptor ERR1
162	Genistein	Nuclear receptor subfamily 1 group I member 2
163	Genistein	RAC-alpha serine/threonine-protein kinase
164	Genistein	G-protein coupled estrogen receptor 1
165	Genistein	Cytochrome P450 1B1
166	Genistein	Sex hormone-binding globulin
167	Tofacitinib	Tyrosine-protein kinase JAK1
168	Tofacitinib	Tyrosine-protein kinase JAK2
169	Tofacitinib	Tyrosine-protein kinase JAK3
170	Tofacitinib	Non-receptor tyrosine-protein kinase TYK2
171	Ibrutinib	Tyrosine-protein kinase BTK
172	Midazolam	Gamma-aminobutyric acid receptor subunit alpha-1
173	Midazolam	Gamma-aminobutyric acid receptor subunit alpha-2
174	Midazolam	Gamma-aminobutyric acid receptor subunit alpha-3
175	Midazolam	Gamma-aminobutyric acid receptor subunit alpha-4
176	Midazolam	Gamma-aminobutyric acid receptor subunit alpha-5
177	Midazolam	Gamma-aminobutyric acid receptor subunit alpha-6
178	Midazolam	Gamma-aminobutyric acid receptor subunit beta-1
179	Midazolam	Gamma-aminobutyric acid receptor subunit beta-2
180	Midazolam	Gamma-aminobutyric acid receptor subunit beta-3
181	Midazolam	Gamma-aminobutyric acid receptor subunit delta
182	Midazolam	Gamma-aminobutyric acid receptor subunit epsilon
183	Midazolam	Gamma-aminobutyric acid receptor subunit gamma-1
184	Midazolam	Gamma-aminobutyric acid receptor subunit gamma-2
185	Midazolam	Gamma-aminobutyric acid receptor subunit gamma-3
186	Midazolam	Gamma-aminobutyric acid receptor subunit pi
187	Midazolam	Gamma-aminobutyric acid receptor subunit theta
188	Ifenprodil	Glutamate receptor ionotropic, NMDA 2B
189	Ifenprodil	Glutamate receptor ionotropic, NMDA 1
190	Ifenprodil	G protein-activated inward rectifier potassium channel 1
191	Ifenprodil	G protein-activated inward rectifier potassium channel 2
192	Ifenprodil	G protein-activated inward rectifier potassium channel 4
193	Chloroquine	Glutathione S-transferase A2
194	Chloroquine	Tumor necrosis factor
195	Chloroquine	Toll-like receptor 9
196	Chloroquine	Glutathione S-transferase
197	Chloroquine	High mobility group protein B1
198	Chloroquine	Glutathione S-transferase Mu 1
199	Chloroquine	Angiotensin-converting enzyme 2
200	Menadione	Vitamin K-dependent gamma-carboxylase
201	Menadione	Vitamin K epoxide reductase complex subunit 1
202	Menadione	Vitamin K epoxide reductase complex subunit 1-like protein 1
203	Menadione	Prothrombin
204	Menadione	Coagulation factor IX
205	Menadione	Vitamin K-dependent protein C
206	Menadione	Vitamin K-dependent protein S
207	Menadione	Ribosyldihydronicotinamide dehydrogenase [quinone]
208	Menadione	NAD(P)H dehydrogenase [quinone] 1
209	Menadione	Osteocalcin
210	Cyanocobalamin	Methionine synthase
211	Cyanocobalamin	Methylmalonyl-CoA mutase, mitochondrial
212	Cyanocobalamin	Methionine synthase reductase
213	Cyanocobalamin	Methylmalonic aciduria type A protein, mitochondrial
214	Cyanocobalamin	Methylmalonic aciduria and homocystinuria type C protein
215	Cyanocobalamin	Methylenetetrahydrofolate reductase
216	Minocycline	30S ribosomal protein S9
217	Minocycline	30S ribosomal protein S4
218	Minocycline	Interleukin-1 beta
219	Minocycline	Arachidonate 5-lipoxygenase
220	Minocycline	Matrix metalloproteinase-9
221	Minocycline	Vascular endothelial growth factor A
222	Minocycline	Caspase-1
223	Minocycline	Caspase-3
224	Minocycline	Cytochrome c
225	Minocycline	Mitogen-activated protein kinase 1
226	Minocycline	Mitogen-activated protein kinase 10
227	Minocycline	Mitogen-activated protein kinase 11
228	Minocycline	Mitogen-activated protein kinase 12
229	Minocycline	Mitogen-activated protein kinase 13
230	Minocycline	Mitogen-activated protein kinase 14
231	Minocycline	Mitogen-activated protein kinase 15
232	Minocycline	Mitogen-activated protein kinase 3
233	Minocycline	Mitogen-activated protein kinase 4
234	Minocycline	Mitogen-activated protein kinase 6
235	Minocycline	Mitogen-activated protein kinase 7
236	Minocycline	Mitogen-activated protein kinase 8
237	Minocycline	Mitogen-activated protein kinase 9
238	Minocycline	Nitric oxide synthase, inducible
239	Selinexor	Exportin-1
240	Tenofovir	Reverse transcriptase/RNaseH
241	Tenofovir	Reverse transcriptase
242	Tenofovir	DNA polymerase
243	Alendronic acid	Farnesyl pyrophosphate synthase
244	Alendronic acid	Tyrosine-protein phosphatase non-receptor type 4
245	Alendronic acid	Receptor-type tyrosine-protein phosphatase S
246	Alendronic acid	Receptor-type tyrosine-protein phosphatase epsilon
247	Alendronic acid	V-type proton ATPase catalytic subunit A
248	Trimethoprim	Dihydrofolate reductase
249	GS-441524	Replicase polyprotein 1ab
250	GS-441524	RNA-directed RNA polymerase L
251	Emtricitabine	Reverse transcriptase/RNaseH
252	Cholesterol	Nuclear receptor ROR-alpha
253	Cholesterol	Nuclear receptor subfamily 1 group I member 3
254	Cholesterol	Vitamin D3 receptor
255	Cholesterol	C-type lectin domain family 4 member E
256	Tranexamic acid	Plasminogen
257	Enzalutamide	Androgen receptor
258	Tacrolimus	Peptidyl-prolyl cis-trans isomerase FKBP1A
259	Angiotensin II	Type-1 angiotensin II receptor
260	Mefloquine	Adenosine receptor A2a
261	Oxytocin	Oxytocin receptor
262	Oxytocin	Oxytocin-neurophysin 1
263	Thrombin	Proteinase-activated receptor 1
264	Thrombin	Proteinase-activated receptor 4
265	Thrombin	Coagulation factor XI
266	Thrombin	Coagulation factor XIII A chain
267	Thrombin	Coagulation factor XIII B chain
268	Thrombin	Fibrinogen alpha chain
269	Thrombin	Fibrinogen beta chain
270	Thrombin	Fibrinogen gamma chain
271	Thrombin	Coagulation factor V
272	Thrombin	Coagulation factor VIII
273	Pyridoxine	Pyridoxal kinase
274	Liothyronine	Thyroid hormone receptor alpha
275	Liothyronine	Thyroid hormone receptor beta
276	Liothyronine	Proliferating cell nuclear antigen
277	Fostamatinib	Tyrosine-protein kinase SYK
278	Fostamatinib	Adenosine receptor A3
279	Fostamatinib	vesicular monoamine transporter 2 (VMAT2)
280	Fostamatinib	Fatty-acid amide hydrolase 1
281	Fostamatinib	Equilibrative nucleoside transporter 1
282	Fostamatinib	UDP-glucuronosyltransferase 1-1
283	Fostamatinib	cGMP-specific 3',5'-cyclic phosphodiesterase
284	Fostamatinib	Arachidonate 5-lipoxygenase
285	Fostamatinib	Cathepsin S
286	Fostamatinib	Cathepsin L1
287	Fostamatinib	Tyrosine-protein kinase ABL1
288	Fostamatinib	Calcium-dependent protein kinase 1
289	Fostamatinib	Serine/threonine-protein kinase PknB
290	Fostamatinib	Ribosomal protein S6 kinase alpha-6
291	Fostamatinib	Non-receptor tyrosine-protein kinase TYK2
292	Fostamatinib	Atypical kinase COQ8A, mitochondrial
293	Fostamatinib	Tyrosine-protein kinase JAK1
294	Fostamatinib	Hepatocyte growth factor receptor
295	Fostamatinib	Serine/threonine-protein kinase NIM1
296	Fostamatinib	Serine/threonine-protein kinase MST4
297	Fostamatinib	cAMP-dependent protein kinase catalytic subunit alpha
298	Fostamatinib	Serine/threonine-protein kinase 24
299	Fostamatinib	Serine/threonine-protein kinase 3
300	Fostamatinib	Tyrosine-protein kinase Tec
301	Fostamatinib	Serine/threonine-protein kinase 33
302	Fostamatinib	Serine/threonine-protein kinase 35
303	Fostamatinib	Serine/threonine-protein kinase 36
304	Fostamatinib	Serine/threonine-protein kinase 38
305	Fostamatinib	Serine/threonine-protein kinase 38-like
306	Fostamatinib	STE20/SPS1-related proline-alanine-rich protein kinase
307	Fostamatinib	Serine/threonine-protein kinase TAO1
308	Fostamatinib	Serine/threonine-protein kinase TAO2
309	Fostamatinib	Serine/threonine-protein kinase TAO3
310	Fostamatinib	Serine/threonine-protein kinase TBK1
311	Fostamatinib	Angiopoietin-1 receptor
312	Fostamatinib	Dual specificity testis-specific protein kinase 1
313	Fostamatinib	TGF-beta receptor type-1
314	Fostamatinib	TGF-beta receptor type-2
315	Fostamatinib	Tyrosine-protein kinase receptor Tie-1
316	Fostamatinib	Serine/threonine-protein kinase tousled-like 1
317	Fostamatinib	Serine/threonine-protein kinase tousled-like 2
318	Fostamatinib	TRAF2 and NCK-interacting protein kinase
319	Fostamatinib	Non-receptor tyrosine-protein kinase TNK1
320	Fostamatinib	Activated CDC42 kinase 1
321	Fostamatinib	Serine/threonine-protein kinase TNNI3K
322	Fostamatinib	Testis-specific serine/threonine-protein kinase 1
323	Fostamatinib	Dual specificity protein kinase TTK
324	Fostamatinib	Tyrosine-protein kinase TXK
325	Fostamatinib	Tyrosine-protein kinase receptor TYRO3
326	Fostamatinib	Serine/threonine-protein kinase ULK1
327	Fostamatinib	Serine/threonine-protein kinase ULK2
328	Fostamatinib	Serine/threonine-protein kinase ULK3
329	Fostamatinib	Wee1-like protein kinase
330	Fostamatinib	Tyrosine-protein kinase Yes
331	Fostamatinib	Mitogen-activated protein kinase kinase kinase 19
332	Fostamatinib	Mitogen-activated protein kinase kinase kinase MLT
333	Fostamatinib	Tyrosine-protein kinase ZAP-70
334	Fostamatinib	AP2-associated protein kinase 1
335	Fostamatinib	Abelson tyrosine-protein kinase 2
336	Fostamatinib	Activin receptor type-1
337	Fostamatinib	Activin receptor type-1B
338	Fostamatinib	Atypical kinase COQ8B, mitochondrial
339	Fostamatinib	ALK tyrosine kinase receptor
340	Fostamatinib	Ankyrin repeat and protein kinase domain-containing protein 1
341	Fostamatinib	Aurora kinase A
342	Fostamatinib	Aurora kinase B
343	Fostamatinib	Aurora kinase C
344	Fostamatinib	Tyrosine-protein kinase receptor UFO
345	Fostamatinib	Tyrosine-protein kinase Blk
346	Fostamatinib	BMP-2-inducible protein kinase
347	Fostamatinib	Bone morphogenetic protein receptor type-1B
348	Fostamatinib	Bone morphogenetic protein receptor type-2
349	Fostamatinib	Cytoplasmic tyrosine-protein kinase BMX
350	Fostamatinib	Serine/threonine-protein kinase B-raf
351	Fostamatinib	Tyrosine-protein kinase BTK
352	Fostamatinib	Calcium/calmodulin-dependent protein kinase type 1
353	Fostamatinib	Calcium/calmodulin-dependent protein kinase type 1D
354	Fostamatinib	Calcium/calmodulin-dependent protein kinase type 1G
355	Fostamatinib	Calcium/calmodulin-dependent protein kinase type II subunit alpha
356	Fostamatinib	Calcium/calmodulin-dependent protein kinase type II subunit beta
357	Fostamatinib	Calcium/calmodulin-dependent protein kinase type II subunit delta
358	Fostamatinib	Calcium/calmodulin-dependent protein kinase type II subunit gamma
359	Fostamatinib	Calcium/calmodulin-dependent protein kinase kinase 1
360	Fostamatinib	Calcium/calmodulin-dependent protein kinase kinase 2
361	Fostamatinib	Peripheral plasma membrane protein CASK
362	Fostamatinib	Kappa-casein
363	Fostamatinib	Cyclin-dependent kinase 1
364	Fostamatinib	Serine/threonine-protein kinase MRCK gamma
365	Fostamatinib	Cyclin-dependent kinase 4
366	Fostamatinib	Cyclin-dependent kinase-like 1
367	Fostamatinib	Cyclin-dependent kinase-like 2
368	Fostamatinib	Serine/threonine-protein kinase Chk1
369	Fostamatinib	Serine/threonine-protein kinase Chk2
370	Fostamatinib	Citron Rho-interacting kinase
371	Fostamatinib	Dual specificity protein kinase CLK1
372	Fostamatinib	Dual specificity protein kinase CLK2
373	Fostamatinib	Dual specificity protein kinase CLK3
374	Fostamatinib	Dual specificity protein kinase CLK4
375	Fostamatinib	Macrophage colony-stimulating factor 1 receptor
376	Fostamatinib	Tyrosine-protein kinase CSK
377	Fostamatinib	Casein kinase I isoform alpha
378	Fostamatinib	Casein kinase II subunit alpha
379	Fostamatinib	Casein kinase II subunit alpha'
380	Fostamatinib	Death-associated protein kinase 1
381	Fostamatinib	Death-associated protein kinase 2
382	Fostamatinib	Death-associated protein kinase 3
383	Fostamatinib	Serine/threonine-protein kinase DCLK1
384	Fostamatinib	Serine/threonine-protein kinase DCLK2
385	Fostamatinib	Serine/threonine-protein kinase DCLK3
386	Fostamatinib	Epithelial discoidin domain-containing receptor 1
387	Fostamatinib	Discoidin domain-containing receptor 2
388	Fostamatinib	Dual specificity tyrosine-phosphorylation-regulated kinase 1A
389	Fostamatinib	Dual specificity tyrosine-phosphorylation-regulated kinase 1B
390	Fostamatinib	Epidermal growth factor receptor
391	Fostamatinib	Eukaryotic translation initiation factor 2-alpha kinase 1
392	Fostamatinib	Interferon-induced, double-stranded RNA-activated protein kinase
393	Fostamatinib	eIF-2-alpha kinase GCN2
394	Fostamatinib	Ephrin type-A receptor 1
395	Fostamatinib	Ephrin type-A receptor 2
396	Fostamatinib	Ephrin type-A receptor 3
397	Fostamatinib	Ephrin type-A receptor 4
398	Fostamatinib	Ephrin type-A receptor 5
399	Fostamatinib	Ephrin type-A receptor 6
400	Fostamatinib	Ephrin type-A receptor 7
401	Fostamatinib	Ephrin type-A receptor 8
402	Fostamatinib	Ephrin type-B receptor 1
403	Fostamatinib	Ephrin type-B receptor 2
404	Fostamatinib	Ephrin type-B receptor 4
405	Fostamatinib	Ephrin type-B receptor 6
406	Fostamatinib	Receptor tyrosine-protein kinase erbB-2
407	Fostamatinib	Receptor tyrosine-protein kinase erbB-4
408	Fostamatinib	Serine/threonine-protein kinase/endoribonuclease IRE1
409	Fostamatinib	Tyrosine-protein kinase Fer
410	Fostamatinib	Tyrosine-protein kinase Fes/Fps
411	Fostamatinib	Fibroblast growth factor receptor 1
412	Fostamatinib	Fibroblast growth factor receptor 2
413	Fostamatinib	Fibroblast growth factor receptor 3
414	Fostamatinib	Tyrosine-protein kinase Fgr
415	Fostamatinib	Vascular endothelial growth factor receptor 1
416	Fostamatinib	Receptor-type tyrosine-protein kinase FLT3
417	Fostamatinib	Vascular endothelial growth factor receptor 3
418	Fostamatinib	Serine/threonine-protein kinase mTOR
419	Fostamatinib	Tyrosine-protein kinase FRK
420	Fostamatinib	Tyrosine-protein kinase Fyn
421	Fostamatinib	Cyclin-G-associated kinase
422	Fostamatinib	Glycogen synthase kinase-3 alpha
423	Fostamatinib	Glycogen synthase kinase-3 beta
424	Fostamatinib	Tyrosine-protein kinase HCK
425	Fostamatinib	Homeodomain-interacting protein kinase 2
426	Fostamatinib	Homeodomain-interacting protein kinase 3
427	Fostamatinib	Serine/threonine-protein kinase ICK
428	Fostamatinib	Inhibitor of nuclear factor kappa-B kinase subunit beta
429	Fostamatinib	Inhibitor of nuclear factor kappa-B kinase subunit epsilon
430	Fostamatinib	Insulin receptor
431	Fostamatinib	Insulin receptor-related protein
432	Fostamatinib	Interleukin-1 receptor-associated kinase 1
433	Fostamatinib	Interleukin-1 receptor-associated kinase 3
434	Fostamatinib	Interleukin-1 receptor-associated kinase 4
435	Fostamatinib	Tyrosine-protein kinase ITK/TSK
436	Fostamatinib	Tyrosine-protein kinase JAK2
437	Fostamatinib	Tyrosine-protein kinase JAK3
438	Fostamatinib	Vascular endothelial growth factor receptor 2
439	Fostamatinib	Serine/threonine-protein kinase SIK3
440	Fostamatinib	Mast/stem cell growth factor receptor Kit
441	Fostamatinib	Serine/threonine-protein kinase LATS1
442	Fostamatinib	Tyrosine-protein kinase Lck
443	Fostamatinib	LIM domain kinase 1
444	Fostamatinib	LIM domain kinase 2
445	Fostamatinib	Leucine-rich repeat serine/threonine-protein kinase 2
446	Fostamatinib	Leukocyte tyrosine kinase receptor
447	Fostamatinib	Tyrosine-protein kinase Lyn
448	Fostamatinib	Dual specificity mitogen-activated protein kinase kinase 2
449	Fostamatinib	Dual specificity mitogen-activated protein kinase kinase 3
450	Fostamatinib	Dual specificity mitogen-activated protein kinase kinase 5
451	Fostamatinib	Dual specificity mitogen-activated protein kinase kinase 6
452	Fostamatinib	Mitogen-activated protein kinase kinase kinase 1
453	Fostamatinib	Mitogen-activated protein kinase kinase kinase 10
454	Fostamatinib	Mitogen-activated protein kinase kinase kinase 11
455	Fostamatinib	Mitogen-activated protein kinase kinase kinase 12
456	Fostamatinib	Mitogen-activated protein kinase kinase kinase 13
457	Fostamatinib	Mitogen-activated protein kinase kinase kinase 15
458	Fostamatinib	Mitogen-activated protein kinase kinase kinase 2
459	Fostamatinib	Mitogen-activated protein kinase kinase kinase 3
460	Fostamatinib	Mitogen-activated protein kinase kinase kinase 4
461	Fostamatinib	Mitogen-activated protein kinase kinase kinase 6
462	Fostamatinib	Mitogen-activated protein kinase kinase kinase 9
463	Fostamatinib	Mitogen-activated protein kinase kinase kinase kinase 1
464	Fostamatinib	Mitogen-activated protein kinase kinase kinase kinase 2
465	Fostamatinib	Mitogen-activated protein kinase kinase kinase kinase 3
466	Fostamatinib	Mitogen-activated protein kinase kinase kinase kinase 4
467	Fostamatinib	Mitogen-activated protein kinase kinase kinase kinase 5
468	Fostamatinib	Mitogen-activated protein kinase 10
469	Fostamatinib	Mitogen-activated protein kinase 13
470	Fostamatinib	Mitogen-activated protein kinase 14
471	Fostamatinib	Mitogen-activated protein kinase 15
472	Fostamatinib	Mitogen-activated protein kinase 4
473	Fostamatinib	Mitogen-activated protein kinase 7
474	Fostamatinib	Mitogen-activated protein kinase 9
475	Fostamatinib	MAP kinase-activated protein kinase 5
476	Fostamatinib	Serine/threonine-protein kinase MARK1
477	Fostamatinib	Serine/threonine-protein kinase MARK2
478	Fostamatinib	MAP/microtubule affinity-regulating kinase 3
479	Fostamatinib	MAP/microtubule affinity-regulating kinase 4
480	Fostamatinib	CLIP-associating protein 1
481	Fostamatinib	Microtubule-associated serine/threonine-protein kinase 1
482	Fostamatinib	Megakaryocyte-associated tyrosine-protein kinase
483	Fostamatinib	Maternal embryonic leucine zipper kinase
484	Fostamatinib	Tyrosine-protein kinase Mer
485	Fostamatinib	Misshapen-like kinase 1
486	Fostamatinib	MAP kinase-interacting serine/threonine-protein kinase 1
487	Fostamatinib	MAP kinase-interacting serine/threonine-protein kinase 2
488	Fostamatinib	Macrophage-stimulating protein receptor
489	Fostamatinib	Muscle, skeletal receptor tyrosine-protein kinase
490	Fostamatinib	Myosin light chain kinase, smooth muscle
491	Fostamatinib	Myosin light chain kinase 2, skeletal/cardiac muscle
492	Fostamatinib	Myosin light chain kinase 3
493	Fostamatinib	Myosin light chain kinase family member 4
494	Fostamatinib	Myosin-IIIa
495	Fostamatinib	Serine/threonine-protein kinase Nek1
496	Fostamatinib	Serine/threonine-protein kinase Nek11
497	Fostamatinib	Serine/threonine-protein kinase Nek2
498	Fostamatinib	Serine/threonine-protein kinase Nek3
499	Fostamatinib	Serine/threonine-protein kinase Nek4
500	Fostamatinib	Serine/threonine-protein kinase Nek5
501	Fostamatinib	Serine/threonine-protein kinase Nek9
502	Fostamatinib	High affinity nerve growth factor receptor
503	Fostamatinib	BDNF/NT-3 growth factors receptor
504	Fostamatinib	NT-3 growth factor receptor
505	Fostamatinib	NUAK family SNF1-like kinase 1
506	Fostamatinib	NUAK family SNF1-like kinase 2
507	Fostamatinib	Serine/threonine-protein kinase OSR1
508	Fostamatinib	Serine/threonine-protein kinase PAK 1
509	Fostamatinib	Serine/threonine-protein kinase PAK 2
510	Fostamatinib	Serine/threonine-protein kinase PAK 3
511	Fostamatinib	Serine/threonine-protein kinase PAK 4
512	Fostamatinib	Serine/threonine-protein kinase PAK 6
513	Fostamatinib	Serine/threonine-protein kinase PAK 5
514	Fostamatinib	Cyclin-dependent kinase 16
515	Fostamatinib	Cyclin-dependent kinase 17
516	Fostamatinib	Platelet-derived growth factor receptor alpha
517	Fostamatinib	Platelet-derived growth factor receptor beta
518	Fostamatinib	3-phosphoinositide-dependent protein kinase 1
519	Fostamatinib	Cyclin-dependent kinase 15
520	Fostamatinib	Phosphorylase b kinase gamma catalytic chain, skeletal muscle/heart isoform
521	Fostamatinib	Phosphatidylinositol 4-kinase beta
522	Fostamatinib	Phosphatidylinositol 4-phosphate 3-kinase C2 domain-containing subunit beta
523	Fostamatinib	Phosphatidylinositol 4-phosphate 3-kinase C2 domain-containing subunit gamma
524	Fostamatinib	Phosphatidylinositol 4,5-bisphosphate 3-kinase catalytic subunit delta isoform
525	Fostamatinib	Phosphatidylinositol 4,5-bisphosphate 3-kinase catalytic subunit gamma isoform
526	Fostamatinib	Serine/threonine-protein kinase pim-1
527	Fostamatinib	Serine/threonine-protein kinase pim-3
528	Fostamatinib	Phosphatidylinositol 5-phosphate 4-kinase type-2 beta
529	Fostamatinib	Phosphatidylinositol 5-phosphate 4-kinase type-2 gamma
530	Fostamatinib	Membrane-associated tyrosine- and threonine-specific cdc2-inhibitory kinase
531	Fostamatinib	Serine/threonine-protein kinase N1
532	Fostamatinib	Serine/threonine-protein kinase N2
533	Fostamatinib	Serine/threonine-protein kinase PLK1
534	Fostamatinib	Serine/threonine-protein kinase PLK2
535	Fostamatinib	Serine/threonine-protein kinase PLK3
536	Fostamatinib	Serine/threonine-protein kinase PLK4
537	Fostamatinib	5'-AMP-activated protein kinase catalytic subunit alpha-1
538	Fostamatinib	5'-AMP-activated protein kinase catalytic subunit alpha-2
539	Fostamatinib	5'-AMP-activated protein kinase subunit beta-1
540	Fostamatinib	5'-AMP-activated protein kinase subunit beta-2
541	Fostamatinib	5'-AMP-activated protein kinase subunit gamma-1
542	Fostamatinib	5'-AMP-activated protein kinase subunit gamma-2
543	Fostamatinib	5'-AMP-activated protein kinase subunit gamma-3
544	Fostamatinib	cAMP-dependent protein kinase catalytic subunit beta
545	Fostamatinib	Protein kinase C delta type
546	Fostamatinib	Protein kinase C epsilon type
547	Fostamatinib	Protein kinase C gamma type (PRKCG)
548	Fostamatinib	Protein kinase C iota type
549	Fostamatinib	Protein kinase C theta type
550	Fostamatinib	Serine/threonine-protein kinase D1
551	Fostamatinib	cGMP-dependent protein kinase 2
552	Fostamatinib	Serine/threonine-protein kinase PRP4 homolog
553	Fostamatinib	Focal adhesion kinase 1
554	Fostamatinib	Protein-tyrosine kinase 2-beta
555	Fostamatinib	Protein-tyrosine kinase 6
556	Fostamatinib	RAF proto-oncogene serine/threonine-protein kinase
557	Fostamatinib	Proto-oncogene tyrosine-protein kinase receptor Ret
558	Fostamatinib	Serine/threonine-protein kinase RIO1
559	Fostamatinib	Serine/threonine-protein kinase RIO2
560	Fostamatinib	Serine/threonine-protein kinase RIO3
561	Fostamatinib	Receptor-interacting serine/threonine-protein kinase 1
562	Fostamatinib	Receptor-interacting serine/threonine-protein kinase 2
563	Fostamatinib	Receptor-interacting serine/threonine-protein kinase 4
564	Fostamatinib	Rho-associated protein kinase 2
565	Fostamatinib	Proto-oncogene tyrosine-protein kinase ROS
566	Fostamatinib	Ribosomal protein S6 kinase alpha-1
567	Fostamatinib	Ribosomal protein S6 kinase alpha-3
568	Fostamatinib	Serine/threonine-protein kinase SBK1
569	Fostamatinib	Uncharacterized serine/threonine-protein kinase SBK3
570	Fostamatinib	Serine/threonine-protein kinase Sgk3
571	Fostamatinib	Serine/threonine-protein kinase SIK1
572	Fostamatinib	Serine/threonine-protein kinase SIK2
573	Fostamatinib	STE20-like serine/threonine-protein kinase
574	Fostamatinib	SNF-related serine/threonine-protein kinase
575	Fostamatinib	Proto-oncogene tyrosine-protein kinase Src
576	Fostamatinib	Tyrosine-protein kinase Srms
577	Fostamatinib	Serine/threonine-protein kinase 10
578	Fostamatinib	Serine/threonine-protein kinase 16
579	Fostamatinib	Serine/threonine-protein kinase 17A
580	Fostamatinib	Serine/threonine-protein kinase 17B
581	Fostamatinib	Serine/threonine-protein kinase 32A
582	Artesunate	Malaria protein EXP-1
583	Imatinib	Breakpoint cluster region protein
584	Imatinib	Mast/stem cell growth factor receptor Kit
585	Imatinib	RET proto-oncogene
586	Imatinib	High affinity nerve growth factor receptor
587	Imatinib	Macrophage colony-stimulating factor 1 receptor
588	Imatinib	Platelet-derived growth factor receptor alpha
589	Imatinib	Epithelial discoidin domain-containing receptor 1
590	Imatinib	Tyrosine-protein kinase ABL1
591	Imatinib	Platelet-derived growth factor receptor beta
592	Dipyridamole	cAMP and cAMP-inhibited cGMP 3',5'-cyclic phosphodiesterase 10A
593	Dipyridamole	Adenosine deaminase
594	Dipyridamole	cGMP-specific 3',5'-cyclic phosphodiesterase
595	Dipyridamole	cAMP-specific 3',5'-cyclic phosphodiesterase 4A
596	Dipyridamole	Calcipressin-1
597	Dipyridamole	Alpha-1-acid glycoprotein 1
598	Clarithromycin	50S ribosomal protein L10
599	Clarithromycin	Potassium voltage-gated channel subfamily H member 2
600	Clarithromycin	Solute carrier organic anion transporter family member 1B1
601	Clarithromycin	Solute carrier organic anion transporter family member 1B3
602	Pirfenidone	Furin
603	Ivermectin	Glycine receptor subunit alpha-3
604	Ivermectin	Gamma-aminobutyric acid receptor subunit beta-3
605	Clofazimine	Peroxisome proliferator-activated receptor gamma
606	Clofazimine	Potassium voltage-gated channel subfamily A member 3
607	Degarelix	Gonadotropin-releasing hormone receptor
608	Hydrocortisone	Glucocorticoid receptor
609	Hydrocortisone	Annexin A1
610	Captopril	Angiotensin-converting enzyme
611	Captopril	72 kDa type IV collagenase
612	Captopril	Matrix metalloproteinase-9
613	Captopril	Leukotriene A-4 hydrolase
614	Captopril	B1 bradykinin receptor
615	Protoporphyrin	Ferritin light chain
616	Tinzaparin	Antithrombin-III
617	Tinzaparin	Integrin alpha-4
618	Tinzaparin	Stromal cell-derived factor 1
619	Acetylsalicylic acid	Prostaglandin G/H synthase 1
620	Acetylsalicylic acid	Prostaglandin G/H synthase 2
621	Acetylsalicylic acid	Aldo-keto reductase family 1 member C1
622	Acetylsalicylic acid	5'-AMP-activated protein kinase catalytic subunit alpha-1
623	Acetylsalicylic acid	5'-AMP-activated protein kinase catalytic subunit alpha-2
624	Acetylsalicylic acid	5'-AMP-activated protein kinase subunit beta-1
625	Acetylsalicylic acid	5'-AMP-activated protein kinase subunit beta-2
626	Acetylsalicylic acid	5'-AMP-activated protein kinase subunit gamma-1
627	Acetylsalicylic acid	5'-AMP-activated protein kinase subunit gamma-2
628	Acetylsalicylic acid	5'-AMP-activated protein kinase subunit gamma-3
629	Acetylsalicylic acid	Endothelin-1 receptor
630	Acetylsalicylic acid	Cellular tumor antigen p53
631	Acetylsalicylic acid	78 kDa glucose-regulated protein
632	Acetylsalicylic acid	Ribosomal protein S6 kinase alpha-3
633	Acetylsalicylic acid	NF-kappa-B inhibitor alpha
634	Acetylsalicylic acid	Tumor necrosis factor-inducible gene 6 protein
635	Acetylsalicylic acid	Caspase-1
636	Acetylsalicylic acid	Caspase-3
637	Acetylsalicylic acid	Inhibitor of nuclear factor kappa-B kinase subunit beta
638	Acetylsalicylic acid	Mitogen-activated protein kinase 1
639	Acetylsalicylic acid	Mitogen-activated protein kinase 15
640	Acetylsalicylic acid	Mitogen-activated protein kinase 3
641	Acetylsalicylic acid	Mitogen-activated protein kinase 4
642	Acetylsalicylic acid	Mitogen-activated protein kinase 6
643	Acetylsalicylic acid	Mitogen-activated protein kinase 7
644	Acetylsalicylic acid	G1/S-specific cyclin-D1
645	Acetylsalicylic acid	Myc proto-oncogene protein
646	Acetylsalicylic acid	Proliferating cell nuclear antigen
647	Hesperidin	Aurora kinase B
648	Acetaminophen	Prostaglandin E synthase 3
649	Acetaminophen	Prostaglandin G/H synthase 2
650	Acetaminophen	Prostaglandin G/H synthase 1
651	Acetaminophen	Transient receptor potential cation channel subfamily V member 1
652	Febuxostat	Xanthine dehydrogenase/oxidase
653	Ruxolitinib	Tyrosine-protein kinase JAK1
654	Ruxolitinib	Tyrosine-protein kinase JAK2
655	Clindamycin	50S ribosomal protein L1
656	Icosapent	Prostaglandin G/H synthase 2
657	Icosapent	Prostaglandin G/H synthase 1
658	Icosapent	Peroxisome proliferator-activated receptor gamma
659	Icosapent	Peroxisome proliferator-activated receptor delta
660	Icosapent	Fatty acid desaturase 1
661	Icosapent	Long-chain-fatty-acid--CoA ligase 4
662	Icosapent	Free fatty acid receptor 1
663	Icosapent	Sodium/calcium exchanger 1
664	Icosapent	Transient receptor potential cation channel subfamily V member 1
665	Icosapent	Peroxisome proliferator-activated receptor alpha
666	Resveratrol	Ribosyldihydronicotinamide dehydrogenase [quinone]
667	Resveratrol	Casein kinase II subunit alpha
668	Resveratrol	Prostaglandin G/H synthase 1
669	Resveratrol	Prostaglandin G/H synthase 2
670	Resveratrol	Arachidonate 15-lipoxygenase
671	Resveratrol	Arachidonate 5-lipoxygenase
672	Resveratrol	Aryl hydrocarbon receptor
673	Resveratrol	Phosphatidylinositol 4-kinase type 2-beta
674	Resveratrol	Integrin alpha-5
675	Resveratrol	Integrin beta-3
676	Resveratrol	Amyloid beta A4 protein
677	Resveratrol	Alpha-synuclein
678	Resveratrol	NAD-dependent protein deacetylase sirtuin-1
679	Resveratrol	Estrogen receptor alpha
680	Resveratrol	Melatonin receptor type 1A
681	Resveratrol	Melatonin receptor type 1B
682	Resveratrol	C-type lectin domain family 14 member A
683	Resveratrol	Nuclear receptor subfamily 1 group I member 2
684	Resveratrol	Nuclear receptor subfamily 1 group I member 3
685	Resveratrol	Solute carrier family 2, facilitated glucose transporter member 1
686	Resveratrol	Carbonyl reductase [NADPH] 1
687	Resveratrol	Peroxisome proliferator-activated receptor alpha
688	Resveratrol	Peroxisome proliferator-activated receptor gamma
689	Resveratrol	RAC-alpha serine/threonine-protein kinase
690	Resveratrol	Far upstream element-binding protein 2
691	Resveratrol	Tyrosine--tRNA ligase, cytoplasmic
692	Iloprost	Prostacyclin receptor
693	Iloprost	Prostaglandin E2 receptor EP1 subtype
694	Iloprost	cAMP-specific 3',5'-cyclic phosphodiesterase 4A
695	Iloprost	cAMP-specific 3',5'-cyclic phosphodiesterase 4B
696	Iloprost	cAMP-specific 3',5'-cyclic phosphodiesterase 4C
697	Iloprost	cAMP-specific 3',5'-cyclic phosphodiesterase 4D
698	Iloprost	Tissue-type plasminogen activator
699	Iloprost	Prostaglandin D2 receptor 2
700	Rosuvastatin	3-hydroxy-3-methylglutaryl-coenzyme A reductase
701	Rosuvastatin	Integrin alpha-L
702	Fondaparinux	Antithrombin-III
703	Fondaparinux	Coagulation factor X
704	Azithromycin	Protein-arginine deiminase type-4
705	Fisetin	Cyclin homolog
706	Fisetin	Cyclin-dependent kinase 6
707	Bardoxolone methyl	NF-kappa-B inhibitor alpha
708	Cannabidiol	Cannabinoid receptor 1
709	Cannabidiol	Cannabinoid receptor 2
710	Cannabidiol	G-protein coupled receptor 12
711	Cannabidiol	Glycine receptor subunit alpha-1
712	Cannabidiol	Glycine receptor subunit beta
713	Cannabidiol	Glycine receptor subunit alpha-3
714	Cannabidiol	N-arachidonyl glycine receptor
715	Cannabidiol	G-protein coupled receptor 55
716	Cannabidiol	5-hydroxytryptamine receptor 1A
717	Cannabidiol	5-hydroxytryptamine receptor 2A
718	Cannabidiol	Neuronal acetylcholine receptor subunit alpha-7
719	Cannabidiol	Delta-type opioid receptor
720	Cannabidiol	Mu-type opioid receptor
721	Cannabidiol	Peroxisome proliferator-activated receptor gamma
722	Cannabidiol	Transient receptor potential cation channel subfamily V member 1
723	Cannabidiol	Voltage-dependent T-type calcium channel subunit alpha-1G
724	Cannabidiol	Voltage-dependent T-type calcium channel subunit alpha-1H
725	Cannabidiol	Voltage-dependent T-type calcium channel subunit alpha-1I
726	Cannabidiol	Transient receptor potential cation channel subfamily A member 1
727	Cannabidiol	Transient receptor potential cation channel subfamily M member 8
728	Cannabidiol	Transient receptor potential cation channel subfamily V member 2
729	Cannabidiol	Transient receptor potential cation channel subfamily V member 3
730	Cannabidiol	Transient receptor potential cation channel subfamily V member 4
731	Cannabidiol	Voltage-dependent anion-selective channel protein 1
732	Cannabidiol	5-hydroxytryptamine receptor 3A
733	Cannabidiol	Adenosine receptor A1
734	Cannabidiol	Prostaglandin G/H synthase 1
735	Cannabidiol	Prostaglandin G/H synthase 2
736	Cannabidiol	Acetyl-CoA acetyltransferase, mitochondrial
737	Cannabidiol	Steroid 17-alpha-hydroxylase/17,20 lyase
738	Cannabidiol	3-hydroxy-3-methylglutaryl-coenzyme A reductase
739	Cannabidiol	Glutathione reductase, mitochondrial
740	Cannabidiol	Glutathione peroxidase 1
741	Cannabidiol	Indoleamine 2,3-dioxygenase 1
742	Cannabidiol	Cytochrome P450 1B1
743	Cannabidiol	NAD(P)H dehydrogenase [quinone] 1
744	Cannabidiol	Catalase
745	Cannabidiol	Cytochrome P450 3A5
746	Cannabidiol	Cytochrome P450 2D6
747	Cannabidiol	Superoxide dismutase [Cu-Zn]
748	Cannabidiol	Cytochrome P450 1A2
749	Cannabidiol	Cytochrome P450 3A7
750	Cannabidiol	Arylalkylamine N-acetyltransferase
751	Cannabidiol	N-acylethanolamine-hydrolyzing acid amidase
752	Hydroxychloroquine	Toll-like receptor 7
753	Hydroxychloroquine	Toll-like receptor 9
754	Hydroxychloroquine	Angiotensin-converting enzyme 2
755	Ketamine	Glutamate receptor ionotropic, NMDA 3A
756	Ketamine	Neurokinin 1 receptor
757	Ketamine	Dopamine D2 receptor
758	Ketamine	Delta-type opioid receptor
759	Ketamine	Sodium-dependent noradrenaline transporter
760	Ketamine	Kappa-type opioid receptor
761	Ketamine	Mu-type opioid receptor
762	Ketamine	Muscarinic acetylcholine receptor M1
763	Ketamine	Muscarinic acetylcholine receptor M2
764	Ketamine	Muscarinic acetylcholine receptor M3
765	Ketamine	Muscarinic acetylcholine receptor M4
766	Ketamine	Muscarinic acetylcholine receptor M5
767	Ketamine	5-hydroxytryptamine receptor 2A
768	Ketamine	5-hydroxytryptamine receptor 2B
769	Ketamine	5-hydroxytryptamine receptor 2C
770	Ketamine	5-hydroxytryptamine receptor 1A
771	Ketamine	5-hydroxytryptamine receptor 1B
772	Ketamine	5-hydroxytryptamine receptor 1D
773	Ketamine	5-hydroxytryptamine receptor 1E
774	Ketamine	5-hydroxytryptamine receptor 1F
775	Ketamine	5-hydroxytryptamine receptor 3A
776	Ketamine	Alpha-7 nicotinic cholinergic receptor subunit
777	Ketamine	Cholinesterase
778	Ketamine	Nitric oxide synthase, brain
779	alpha-Linolenic acid	Fatty acid desaturase 1
780	alpha-Linolenic acid	Fatty acid desaturase 2
781	alpha-Linolenic acid	Sodium/calcium exchanger 1
782	alpha-Linolenic acid	Transient receptor potential cation channel subfamily V member 1
783	alpha-Linolenic acid	Peroxisome proliferator-activated receptor alpha
784	alpha-Linolenic acid	Bile acid receptor
785	alpha-Linolenic acid	Peroxisome proliferator-activated receptor delta
786	alpha-Linolenic acid	Peroxisome proliferator-activated receptor gamma
787	alpha-Linolenic acid	Retinoic acid receptor RXR-alpha
788	alpha-Linolenic acid	Elongation of very long chain fatty acids protein 2
789	alpha-Linolenic acid	Elongation of very long chain fatty acids protein 5
790	Ginseng	Interleukin-6
791	Ginseng	Prostaglandin G/H synthase 2
792	Ginseng	Aryl hydrocarbon receptor
793	Oseltamivir	Neuraminidase
794	Oseltamivir	Sialidase-1
795	Oseltamivir	Sialidase-2
796	Metformin	5'-AMP-activated protein kinase subunit beta-1
797	Metformin	Electron transfer flavoprotein-ubiquinone oxidoreductase, mitochondrial
798	Metformin	Glycerol-3-phosphate dehydrogenase [NAD(+)], cytoplasmic
799	Primaquine	Keratin, type II cytoskeletal 7
800	Primaquine	Ribosyldihydronicotinamide dehydrogenase [quinone]
801	Duvelisib	Phosphatidylinositol 4,5-bisphosphate 3-kinase catalytic subunit gamma isoform
802	Duvelisib	Phosphatidylinositol 4,5-bisphosphate 3-kinase catalytic subunit delta isoform
803	Defibrotide	Adenosine receptor A1
804	Defibrotide	Adenosine receptor A2a
805	Defibrotide	Adenosine receptor A2b
806	Ascorbic acid	Hyaluronate lyase
807	Ascorbic acid	Xylose isomerase
808	Ascorbic acid	Procollagen-lysine,2-oxoglutarate 5-dioxygenase 2
809	Ascorbic acid	Phytanoyl-CoA dioxygenase, peroxisomal
810	Ascorbic acid	Procollagen-lysine,2-oxoglutarate 5-dioxygenase 3
811	Ascorbic acid	Gamma-butyrobetaine dioxygenase
812	Ascorbic acid	Dopamine beta-hydroxylase
813	Ascorbic acid	Peptidyl-glycine alpha-amidating monooxygenase
814	Ascorbic acid	Prolyl 3-hydroxylase 1
815	Ascorbic acid	Prolyl 3-hydroxylase 2
816	Ascorbic acid	Prolyl 3-hydroxylase 3
817	Ascorbic acid	Prolyl 4-hydroxylase subunit alpha-1
818	Ascorbic acid	2-oxoglutarate and iron-dependent oxygenase domain-containing protein 1
819	Ascorbic acid	2-oxoglutarate and iron-dependent oxygenase domain-containing protein 2
820	Ascorbic acid	Alpha-ketoglutarate-dependent dioxygenase alkB homolog 2
821	Ascorbic acid	Alpha-ketoglutarate-dependent dioxygenase alkB homolog 3
822	Ascorbic acid	Lysine-specific demethylase 5D
823	Ascorbic acid	Procollagen-lysine,2-oxoglutarate 5-dioxygenase 1
824	Ascorbic acid	Trimethyllysine dioxygenase, mitochondrial
825	Ascorbic acid	Transmembrane prolyl 4-hydroxylase
826	Ascorbic acid	Egl nine homolog 1
827	Ascorbic acid	Egl nine homolog 2
828	Ascorbic acid	Egl nine homolog 3
829	Levofloxacin	DNA topoisomerase 4 subunit A
830	Levofloxacin	DNA gyrase subunit A
831	Elbasvir	Nonstructural protein 5A
832	Omeprazole	Potassium-transporting ATPase alpha chain 1
833	Omeprazole	Aryl hydrocarbon receptor
834	Tenofovir disoproxil	Reverse transcriptase/RNaseH
835	Tenofovir disoproxil	DNA polymerase/reverse transcriptase
836	Cholecalciferol	Vitamin D3 receptor
837	Thalidomide	Protein cereblon
838	Thalidomide	Tumor necrosis factor
839	Thalidomide	Nuclear factor NF-kappa-B p105 subunit
840	Thalidomide	Fibroblast growth factor receptor 2
841	Thalidomide	Prostaglandin G/H synthase 2
842	Thalidomide	Alpha-1-acid glycoprotein 1
843	Thalidomide	Alpha-1-acid glycoprotein 2
844	Eprosartan	Type-1 angiotensin II receptor
845	Clopidogrel	P2Y purinoceptor 12
846	Epoprostenol	P2Y purinoceptor 12
847	Epoprostenol	Prostacyclin receptor
848	Epoprostenol	Prostacyclin synthase
849	Chlorpromazine	Dopamine D2 receptor
850	Chlorpromazine	Dopamine D1 receptor
851	Chlorpromazine	5-hydroxytryptamine receptor 1A
852	Chlorpromazine	5-hydroxytryptamine receptor 2A
853	Chlorpromazine	Alpha-1A adrenergic receptor
854	Chlorpromazine	Alpha-1B adrenergic receptor
855	Chlorpromazine	Histamine H1 receptor
856	Chlorpromazine	Potassium voltage-gated channel subfamily H member 2
857	Chlorpromazine	D(1A) dopamine receptor
858	Chlorpromazine	D(1B) dopamine receptor
859	Chlorpromazine	Dopamine D3 receptor
860	Chlorpromazine	Dopamine D4 receptor
861	Chlorpromazine	Dopamine D5 receptor
862	Chlorpromazine	5-hydroxytryptamine receptor 2C
863	Chlorpromazine	5-hydroxytryptamine receptor 2B
864	Chlorpromazine	Alpha-1D adrenergic receptor
865	Chlorpromazine	Alpha-2A adrenergic receptor
866	Chlorpromazine	Alpha-2B adrenergic receptor
867	Chlorpromazine	Alpha-2C adrenergic receptor
868	Chlorpromazine	Muscarinic acetylcholine receptor M1
869	Chlorpromazine	Muscarinic acetylcholine receptor M3
870	Chlorpromazine	Sphingomyelin phosphodiesterase
871	Chlorpromazine	Calmodulin
872	Chlorpromazine	Alpha-1-acid glycoprotein 1
873	Chlorpromazine	Alpha-1-acid glycoprotein 2
874	Chlorpromazine	5-hydroxytryptamine receptor 6
875	Chlorpromazine	5-hydroxytryptamine receptor 7
876	Chlorpromazine	Histamine H4 receptor
877	Olmesartan	Type-1 angiotensin II receptor
878	Acetylcysteine	Glutathione synthetase
879	Acetylcysteine	Cystine/glutamate transporter
880	Acetylcysteine	Aminoacylase-1
881	Acetylcysteine	Inhibitor of nuclear factor kappa-B kinase subunit beta
882	Acetylcysteine	Inhibitor of nuclear factor kappa-B kinase subunit alpha
883	Acetylcysteine	Glutamate receptor ionotropic, NMDA 2B
884	Acetylcysteine	Glutamate receptor ionotropic, NMDA 1
885	Acetylcysteine	Glutamate receptor ionotropic, NMDA 2A
886	Acetylcysteine	Glutamate receptor ionotropic, NMDA 2D
887	Acetylcysteine	Glutamate receptor ionotropic, NMDA 3A
888	Melatonin	Melatonin receptor type 1A
889	Melatonin	Melatonin receptor type 1B
890	Melatonin	Estrogen receptor alpha
891	Melatonin	Nuclear receptor ROR-beta
892	Melatonin	Calmodulin
893	Melatonin	Myeloperoxidase
894	Melatonin	Eosinophil peroxidase
895	Melatonin	Calreticulin
896	Melatonin	Acetylserotonin O-methyltransferase
897	Melatonin	Ribosyldihydronicotinamide dehydrogenase [quinone]
898	Apremilast	Phosphodiesterase isozyme 4
899	Argatroban	Prothrombin
900	Aliskiren	Renin
901	Ritonavir	Human immunodeficiency virus type 1 protease
902	Ritonavir	Nuclear receptor subfamily 1 group I member 2
903	Suramin	P2Y purinoceptor 2
904	Suramin	NAD-dependent protein deacylase sirtuin-5, mitochondrial
905	Suramin	Follicle-stimulating hormone receptor
906	Suramin	Ryanodine receptor 1
907	Suramin	Prothrombin
908	Suramin	Phospholipase A2, membrane associated
909	Suramin	Complement control protein C3
910	Ramipril	Angiotensin-converting enzyme
911	Ramipril	B1 bradykinin receptor
912	Deferoxamine	Amyloid beta A4 protein
913	Indomethacin	Prostaglandin G/H synthase 1
914	Indomethacin	Prostaglandin G/H synthase 2
915	Indomethacin	Phospholipase A2, membrane associated
916	Indomethacin	Prostaglandin reductase 2
917	Indomethacin	Peroxisome proliferator-activated receptor gamma
918	Indomethacin	Lactoylglutathione lyase
919	Indomethacin	Prostaglandin D2 receptor 2
920	Indomethacin	Peroxisome proliferator-activated receptor alpha
921	Indomethacin	Aldo-keto reductase family 1 member C3
922	Omega-3 fatty acids	Peroxisome proliferator-activated receptor gamma
923	Omega-3 fatty acids	Peroxisome proliferator-activated receptor alpha
924	Omega-3 fatty acids	Sterol regulatory element-binding protein 1
925	Levomenthol	Transient receptor potential cation channel subfamily M member 8
926	Levomenthol	Transient receptor potential cation channel subfamily A member 1
927	Levomenthol	Transient receptor potential cation channel subfamily V member 3
928	Levomenthol	Kappa-type opioid receptor
929	Levomenthol	Voltage-dependent L-type calcium channel subunit alpha-1C
930	Levomenthol	Voltage-dependent L-type calcium channel subunit alpha-1D
931	Levomenthol	Voltage-dependent L-type calcium channel subunit alpha-1F
932	Levomenthol	Voltage-dependent L-type calcium channel subunit alpha-1S
933	Levomenthol	Voltage-dependent L-type calcium channel subunit beta-1
934	Levomenthol	Voltage-dependent L-type calcium channel subunit beta-2
935	Levomenthol	Voltage-dependent L-type calcium channel subunit beta-3
936	Levomenthol	Voltage-dependent L-type calcium channel subunit beta-4
937	Levomenthol	Voltage-dependent P/Q-type calcium channel subunit alpha-1A
938	Quercetin	Tyrosine-protein kinase HCK
939	Quercetin	Phosphatidylinositol 4,5-bisphosphate 3-kinase catalytic subunit gamma isoform
940	Quercetin	UDP-glucuronosyltransferase 3A1
941	Quercetin	ATP synthase subunit alpha, mitochondrial
942	Quercetin	ATP synthase subunit beta, mitochondrial
943	Quercetin	ATP synthase subunit gamma, mitochondrial
944	Quercetin	Serine/threonine-protein kinase pim-1
945	Quercetin	HTH-type transcriptional regulator TtgR
946	Quercetin	3-hydroxyisobutyryl-CoA hydrolase, mitochondrial
947	Quercetin	3-hydroxyacyl-[acyl-carrier-protein] dehydratase FabZ
948	Quercetin	Serine/threonine-protein kinase 17B
949	Quercetin	Estrogen receptor alpha
950	Quercetin	Estrogen receptor beta
951	Quercetin	Ribosyldihydronicotinamide dehydrogenase [quinone]
952	Quercetin	Aryl hydrocarbon receptor
953	Quercetin	Cytochrome P450 1B1
954	Quercetin	Actin, cytoplasmic 1
955	Quercetin	Casein kinase II subunit alpha
956	Quercetin	Casein kinase II subunit beta
957	Quercetin	Eukaryotic translation initiation factor 3 subunit F
958	Quercetin	Heat shock protein HSP 90-alpha
959	Quercetin	Heat shock-related 70 kDa protein 2
960	Quercetin	RuvB-like 2
961	Quercetin	Splicing factor 3B subunit 3
962	Quercetin	Ubiquitin-like modifier-activating enzyme 1
963	Quercetin	Sex hormone-binding globulin
964	Quercetin	Carbonyl reductase [NADPH] 1
965	Quercetin	CCAAT/enhancer-binding protein beta
966	Quercetin	Nuclear receptor subfamily 1 group I member 2
967	Ciclesonide	Glucocorticoid receptor
968	Darunavir	Human immunodeficiency virus type 1 protease
969	Ribavirin	Inosine-5'-monophosphate dehydrogenase 1
970	Ribavirin	Inosine-5'-monophosphate dehydrogenase 2
971	Ribavirin	RNA-directed RNA polymerase L
972	Ribavirin	RNA-directed RNA polymerase catalytic subunit
973	Ribavirin	Genome polyprotein
974	Diltiazem	Voltage-dependent calcium channel gamma-1 subunit
975	Diltiazem	Voltage-dependent L-type calcium channel subunit alpha-1C
976	Interferon alfa-2b	Interferon alpha/beta receptor 2
977	Interferon alfa-2b	Interferon alpha/beta receptor 1
978	Raltegravir	Integrase
979	Cysteine	Glutamate--cysteine ligase regulatory subunit
980	Cysteine	Glutamate--cysteine ligase catalytic subunit
981	Cysteine	Aspartate aminotransferase, cytoplasmic
982	Cysteine	Aspartate aminotransferase, mitochondrial
983	Cysteine	Cystathionine gamma-lyase
984	Cysteine	Cystathionine beta-synthase
985	Cysteine	Cysteine--tRNA ligase, cytoplasmic
986	Cysteine	Methylated-DNA--protein-cysteine methyltransferase
987	Cysteine	Glutathione synthetase
988	Cysteine	Probable cysteine--tRNA ligase, mitochondrial
989	Cysteine	Cysteine sulfinic acid decarboxylase
990	Cysteine	Cysteine desulfurase, mitochondrial
991	Cysteine	Cysteine dioxygenase type 1
992	Isotretinoin	Retinoic acid receptor alpha
993	Isotretinoin	Retinoic acid receptor gamma
994	Candesartan cilexetil	Type-1 angiotensin II receptor
995	Enalapril	Angiotensin-converting enzyme
996	Ibudilast	cAMP-specific 3',5'-cyclic phosphodiesterase 4A
997	Ibudilast	cAMP-specific 3',5'-cyclic phosphodiesterase 4B
998	Ibudilast	cAMP-specific 3',5'-cyclic phosphodiesterase 4C
999	Ibudilast	cAMP-specific 3',5'-cyclic phosphodiesterase 4D
1000	Ibudilast	cGMP-inhibited 3',5'-cyclic phosphodiesterase A
1001	Niacin	Hydroxycarboxylic acid receptor 3
1002	Niacin	Hydroxycarboxylic acid receptor 2
1003	Niacin	Nicotinate-nucleotide pyrophosphorylase [carboxylating]
1004	Niacin	Nicotinamide N-methyltransferase
1005	Camostat	Trypsin-1
1006	Camostat	Transmembrane protease serine 2
1007	Camostat	Suppressor of tumorigenicity 14 protein
1008	Camostat	Cholecystokinin
1009	Galidesivir	RNA-directed RNA polymerase L
1010	Anakinra	Interleukin-1 receptor type 1
1011	Montelukast	Cysteinyl leukotriene receptor 1
1012	Montelukast	Arachidonate 5-lipoxygenase
1013	Sevoflurane	Gamma-aminobutyric acid receptor subunit alpha-1
1014	Sevoflurane	Glycine receptor subunit alpha-1
1015	Sevoflurane	Glutamate receptor 1
1016	Sevoflurane	Calcium-transporting ATPase type 2C member 1
1017	Sevoflurane	NADH-ubiquinone oxidoreductase chain 1
1018	Sevoflurane	Gamma-aminobutyric acid receptor subunit alpha-2
1019	Sevoflurane	Gamma-aminobutyric acid receptor subunit alpha-3
1020	Sevoflurane	Gamma-aminobutyric acid receptor subunit alpha-4
1021	Sevoflurane	Gamma-aminobutyric acid receptor subunit alpha-5
1022	Sevoflurane	Gamma-aminobutyric acid receptor subunit alpha-6
1023	Sevoflurane	Gamma-aminobutyric acid receptor subunit beta-1
1024	Sevoflurane	Gamma-aminobutyric acid receptor subunit beta-2
1025	Sevoflurane	Gamma-aminobutyric acid receptor subunit beta-3
1026	Sevoflurane	Gamma-aminobutyric acid receptor subunit delta
1027	Sevoflurane	Gamma-aminobutyric acid receptor subunit epsilon
1028	Sevoflurane	Gamma-aminobutyric acid receptor subunit gamma-1
1029	Sevoflurane	Gamma-aminobutyric acid receptor subunit gamma-2
1030	Sevoflurane	Gamma-aminobutyric acid receptor subunit gamma-3
1031	Sevoflurane	Gamma-aminobutyric acid receptor subunit pi
1032	Sevoflurane	Gamma-aminobutyric acid receptor subunit theta
1033	Sevoflurane	Mitochondrial potassium channel
1034	Nitazoxanide	Pyruvate-flavodoxin oxidoreductase
1035	Nadroparin	Antithrombin-III
1036	Nadroparin	P-selectin
1037	Nadroparin	Proto-oncogene c-Fos
1038	Nadroparin	Myc proto-oncogene protein
1039	Ozanimod	Sphingosine 1-phosphate receptor 1
1040	Ozanimod	Sphingosine 1-phosphate receptor 5
1041	Nicotinamide	Exotoxin A
1042	Nicotinamide	L-lactate dehydrogenase A chain
1043	Nicotinamide	Poly [ADP-ribose] polymerase 1
1044	Nicotinamide	NAD-dependent protein deacylase sirtuin-5, mitochondrial
1045	Nicotinamide	ADP-ribosyl cyclase 2
1046	Biotin	Propionyl-CoA carboxylase beta chain, mitochondrial
1047	Biotin	Biotin--protein ligase
1048	Biotin	Methylcrotonoyl-CoA carboxylase beta chain, mitochondrial
1049	Biotin	Acetyl-CoA carboxylase 2
1050	Biotin	Methylcrotonoyl-CoA carboxylase subunit alpha, mitochondrial
1051	Biotin	Pyruvate carboxylase, mitochondrial
1052	Biotin	Propionyl-CoA carboxylase alpha chain, mitochondrial
1053	Biotin	Acetyl-CoA carboxylase 1
1054	Berberine	HTH-type transcriptional regulator QacR
1055	Berberine	Baculoviral IAP repeat-containing protein 5
1056	Sildenafil	cGMP-specific 3',5'-cyclic phosphodiesterase
1057	Sildenafil	Retinal rod rhodopsin-sensitive cGMP 3',5'-cyclic phosphodiesterase subunit gamma
1058	Sildenafil	Retinal cone rhodopsin-sensitive cGMP 3',5'-cyclic phosphodiesterase subunit gamma
1059	Tramadol	Mu-type opioid receptor
1060	Tramadol	Sodium-dependent noradrenaline transporter
1061	Tramadol	Sodium-dependent serotonin transporter
1062	Tramadol	5-hydroxytryptamine receptor 2C
1063	Tramadol	Kappa-type opioid receptor
1064	Tramadol	Delta-type opioid receptor
1065	Tramadol	Alpha-7 nicotinic cholinergic receptor subunit
1066	Tramadol	Muscarinic acetylcholine receptor M3
1067	Tramadol	Muscarinic acetylcholine receptor M1
1068	Tramadol	Neurokinin 1 receptor
1069	Tramadol	Sodium channel protein type 2 subunit alpha
1070	Tramadol	Transient receptor potential cation channel subfamily V member 1
1071	Tramadol	Glutamate receptor ionotropic, NMDA 1
1072	Tramadol	Glutamate receptor ionotropic, NMDA 2A
1073	Tramadol	Glutamate receptor ionotropic, NMDA 2B
1074	Tramadol	Glutamate receptor ionotropic, NMDA 2C
1075	Tramadol	Glutamate receptor ionotropic, NMDA 2D
1076	Tramadol	Glutamate receptor ionotropic, NMDA 3A
1077	Tramadol	Glutamate receptor ionotropic, NMDA 3B
1078	Tramadol	Adenosine receptor A1
1079	Tramadol	Alpha-2A adrenergic receptor
1080	Tramadol	Alpha-2B adrenergic receptor
1081	Tramadol	Alpha-2C adrenergic receptor
1082	Lopinavir	Human immunodeficiency virus type 1 protease
1083	Budesonide	Glucocorticoid receptor
1084	Budesonide	Annexin A1
1085	Isoflurane	Gamma-aminobutyric acid receptor subunit alpha-1
1086	Isoflurane	Calcium-transporting ATPase type 2C member 1
1087	Isoflurane	Glycine receptor subunit alpha-1
1088	Isoflurane	Glutamate receptor 1
1089	Isoflurane	Potassium voltage-gated channel subfamily A member 1
1090	Isoflurane	ATP synthase subunit delta, mitochondrial
1091	Isoflurane	Calmodulin
1092	Isoflurane	Gamma-aminobutyric acid receptor subunit alpha-2
1093	Isoflurane	Gamma-aminobutyric acid receptor subunit alpha-3
1094	Isoflurane	Gamma-aminobutyric acid receptor subunit alpha-4
1095	Isoflurane	Gamma-aminobutyric acid receptor subunit alpha-5
1096	Isoflurane	Gamma-aminobutyric acid receptor subunit alpha-6
1097	Isoflurane	Gamma-aminobutyric acid receptor subunit beta-1
1098	Isoflurane	Gamma-aminobutyric acid receptor subunit beta-2
1099	Isoflurane	Gamma-aminobutyric acid receptor subunit beta-3
1100	Isoflurane	Gamma-aminobutyric acid receptor subunit delta
1101	Isoflurane	Gamma-aminobutyric acid receptor subunit epsilon
1102	Isoflurane	Gamma-aminobutyric acid receptor subunit gamma-1
1103	Isoflurane	Gamma-aminobutyric acid receptor subunit gamma-2
1104	Isoflurane	Gamma-aminobutyric acid receptor subunit gamma-3
1105	Isoflurane	Gamma-aminobutyric acid receptor subunit pi
1106	Isoflurane	Gamma-aminobutyric acid receptor subunit theta
1107	Isoflurane	Neuronal acetylcholine receptor subunit alpha-4
1108	Isoflurane	Neuronal acetylcholine receptor subunit beta-2
1109	Sulodexide	Heparin cofactor 2
1110	Sulodexide	Antithrombin-III
1111	Dutasteride	3-oxo-5-alpha-steroid 4-dehydrogenase 2
1112	Dutasteride	3-oxo-5-alpha-steroid 4-dehydrogenase 1
1113	TMC-310911	HIV-1 protease
1114	Naproxen	Prostaglandin G/H synthase 1
1115	Naproxen	Peptostreptococcal albumin-binding protein
1116	Naproxen	Prostaglandin G/H synthase 2
1117	Trifluoperazine	Dopamine D2 receptor
1118	Trifluoperazine	Neuron-specific vesicular protein calcyon
1119	Trifluoperazine	Alpha-1A adrenergic receptor
1120	Trifluoperazine	Calmodulin
1121	Trifluoperazine	Troponin C, slow skeletal and cardiac muscles
1122	Trifluoperazine	Protein S100-A4
1123	Prazosin	Alpha-1A adrenergic receptor
1124	Prazosin	Alpha-1B adrenergic receptor
1125	Prazosin	Alpha-1D adrenergic receptor
1126	Prazosin	Potassium voltage-gated channel subfamily H member 2
1127	Prazosin	Alpha-2A adrenergic receptor
1128	Prazosin	Alpha-2B adrenergic receptor
1129	Amiodarone	Potassium voltage-gated channel subfamily H member 2
1130	Amiodarone	Potassium voltage-gated channel subfamily H member 6
1131	Amiodarone	Potassium voltage-gated channel subfamily H member 7
1132	Amiodarone	Beta-1 adrenergic receptor
1133	Amiodarone	Beta-2 adrenergic receptor
1134	Amiodarone	Beta-3 adrenergic receptor
1135	Amiodarone	Voltage-dependent T-type calcium channel subunit alpha-1I
1136	Amiodarone	Voltage-dependent L-type calcium channel subunit alpha-1C
1137	Amiodarone	Voltage-dependent L-type calcium channel subunit alpha-1D
1138	Amiodarone	Voltage-dependent L-type calcium channel subunit alpha-1F
1139	Amiodarone	Voltage-dependent L-type calcium channel subunit alpha-1S
1140	Amiodarone	Voltage-dependent L-type calcium channel subunit beta-1
1141	Amiodarone	Voltage-dependent L-type calcium channel subunit beta-2
1142	Amiodarone	Voltage-dependent L-type calcium channel subunit beta-3
1143	Amiodarone	Voltage-dependent L-type calcium channel subunit beta-4
1144	Amiodarone	Thyroid hormone receptor alpha
1145	Amiodarone	Thyroid hormone receptor beta
1146	Amiodarone	Peroxisome proliferator-activated receptor gamma
1147	Amiodarone	Peroxisome proliferator-activated receptor alpha
1148	Amiodarone	Peroxisome proliferator-activated receptor gamma coactivator 1-beta
1149	Merimepodib	Inosine-5'-monophosphate dehydrogenase
1150	Candesartan	Type-1 angiotensin II receptor
1151	Erythromycin	Motilin receptor
1152	Erythromycin	Potassium voltage-gated channel subfamily H member 2
1153	Nintedanib	Vascular endothelial growth factor receptor 1
1154	Nintedanib	Vascular endothelial growth factor receptor 2
1155	Nintedanib	Vascular endothelial growth factor receptor 3
1156	Nintedanib	Platelet-derived growth factor receptor alpha
1157	Nintedanib	Platelet-derived growth factor receptor beta
1158	Nintedanib	Fibroblast growth factor receptor 1
1159	Nintedanib	Fibroblast growth factor receptor 2
1160	Nintedanib	Fibroblast growth factor receptor 3
1161	Nintedanib	Receptor-type tyrosine-protein kinase FLT3
1162	Nintedanib	Tyrosine-protein kinase Lck
1163	Nintedanib	Tyrosine-protein kinase Lyn
1164	Nintedanib	Proto-oncogene tyrosine-protein kinase Src
1165	Pantothenic acid	Pantothenate kinase
1166	Metoprolol	Beta-1 adrenergic receptor
1167	Metoprolol	Beta-2 adrenergic receptor
1168	Folic acid	Folate receptor gamma
1169	Folic acid	Folate receptor beta
1170	Folic acid	Folate receptor alpha
1171	Itraconazole	Lanosterol 14-alpha demethylase
1172	Ibuprofen	Prostaglandin G/H synthase 2
1173	Ibuprofen	Prostaglandin G/H synthase 1
1174	Ibuprofen	Apoptosis regulator Bcl-2
1175	Ibuprofen	Thrombomodulin
1176	Ibuprofen	Fatty acid-binding protein, intestinal
1177	Ibuprofen	Peroxisome proliferator-activated receptor gamma
1178	Ibuprofen	Cystic fibrosis transmembrane conductance regulator
1179	Ibuprofen	Peroxisome proliferator-activated receptor alpha
1180	Ibuprofen	Platelet glycoprotein Ib alpha chain
1181	Ibuprofen	Protein S100-A7
1182	Propofol	Gamma-aminobutyric acid receptor subunit beta-2
1183	Propofol	Gamma-aminobutyric acid receptor subunit beta-3
1184	Propofol	Sodium channel protein type 4 subunit alpha
1185	Propofol	Sodium channel protein type 2 subunit alpha
1186	Propofol	Gamma-aminobutyric acid receptor subunit alpha-1
1187	Propofol	Gamma-aminobutyric acid receptor subunit alpha-2
1188	Propofol	Gamma-aminobutyric acid receptor subunit alpha-3
1189	Propofol	Gamma-aminobutyric acid receptor subunit alpha-4
1190	Propofol	Gamma-aminobutyric acid receptor subunit alpha-5
1191	Propofol	Gamma-aminobutyric acid receptor subunit alpha-6
1192	Propofol	Gamma-aminobutyric acid receptor subunit beta-1
1193	Propofol	Gamma-aminobutyric acid receptor subunit delta
1194	Propofol	Gamma-aminobutyric acid receptor subunit epsilon
1195	Propofol	Gamma-aminobutyric acid receptor subunit gamma-1
1196	Propofol	Gamma-aminobutyric acid receptor subunit gamma-2
1197	Propofol	Gamma-aminobutyric acid receptor subunit gamma-3
1198	Propofol	Gamma-aminobutyric acid receptor subunit pi
1199	Propofol	Gamma-aminobutyric acid receptor subunit theta
1200	Heparin	Antithrombin-III
1201	Heparin	Coagulation factor X
1202	Heparin	P-selectin
1203	Heparin	Fibroblast growth factor receptor 4
1204	Heparin	Fibroblast growth factor 4
1205	Heparin	Fibroblast growth factor 19
1206	Heparin	Fibroblast growth factor receptor 1
1207	Heparin	Fibroblast growth factor 1
1208	Heparin	Fibroblast growth factor receptor 2
1209	Heparin	Fibroblast growth factor 2
1210	Heparin	Platelet factor 4
1211	Heparin	Hepatocyte growth factor
1212	Enoxaparin	Antithrombin-III
1213	Enoxaparin	Coagulation factor X
1214	Dotatate gallium Ga-68	Somatostatin receptor type 2
1215	Atovaquone	Cytochrome b
1216	Atovaquone	Dihydroorotate dehydrogenase (quinone), mitochondrial
1217	Tamoxifen	Estrogen receptor alpha
1218	Tamoxifen	Estrogen receptor beta
1219	Tamoxifen	3-beta-hydroxysteroid-Delta(8),Delta(7)-isomerase
1220	Tamoxifen	Protein kinase C alpha type
1221	Tamoxifen	Protein kinase C beta type
1222	Tamoxifen	Protein kinase C delta type
1223	Tamoxifen	Protein kinase C epsilon type
1224	Tamoxifen	Protein kinase C gamma type
1225	Tamoxifen	Protein kinase C iota type
1226	Tamoxifen	Protein kinase C theta type
1227	Tamoxifen	Protein kinase C zeta type
1228	Tamoxifen	Androgen receptor
1229	Tamoxifen	Potassium voltage-gated channel subfamily H member 2
1230	Tamoxifen	Nuclear receptor subfamily 1 group I member 2
1231	Tamoxifen	Estrogen-related receptor gamma
1232	Tamoxifen	Sex hormone-binding globulin
1233	Tamoxifen	Mitogen-activated protein kinase 8
1234	Bismuth subcitrate potassium	ATP-dependent Clp protease ATP-binding subunit ClpX
1235	Losartan	Type-1 angiotensin II receptor
1236	Methylene blue	Guanylate cyclase soluble subunit alpha-2
1237	Methylene blue	Nitric oxide synthase, brain
1238	Oxycodone	Mu-type opioid receptor
1239	Oxycodone	Kappa-type opioid receptor
1240	Oxycodone	Delta-type opioid receptor
1241	Mecobalamin	Methionine synthase
1242	Almitrine	Sodium/potassium-transporting ATPase subunit alpha-1
1243	Rivaroxaban	Coagulation factor X
1244	Ambrisentan	Endothelin-1 receptor
1245	Ambrisentan	Endothelin B receptor
1246	Favipiravir	RNA-directed RNA polymerase catalytic subunit
1247	Prasugrel	P2Y purinoceptor 12
1248	Bivalirudin	Prothrombin
1249	Rabeprazole	Potassium-transporting ATPase alpha chain 1
1250	Ebselen	Bifunctional epoxide hydrolase 2
1251	Formoterol	Beta-2 adrenergic receptor
1252	Formoterol	Beta-1 adrenergic receptor
1253	Formoterol	Beta-3 adrenergic receptor
1254	Zanubrutinib	Tyrosine-protein kinase BTK
1255	Zanubrutinib	Epidermal growth factor receptor
1256	Zanubrutinib	Receptor tyrosine-protein kinase erbB-2
1257	Zanubrutinib	Receptor tyrosine-protein kinase erbB-4
1258	Zanubrutinib	Tyrosine-protein kinase ITK/TSK
1259	Zanubrutinib	Cytoplasmic tyrosine-protein kinase BMX
1260	Zanubrutinib	Tyrosine-protein kinase JAK2
1261	Zanubrutinib	Tyrosine-protein kinase Tec
1262	Zanubrutinib	Tyrosine-protein kinase Blk
1263	Zanubrutinib	Tyrosine-protein kinase JAK3
1264	Zanubrutinib	Protein-tyrosine kinase 6
1265	Zanubrutinib	Tyrosine-protein kinase Fgr
1266	Zanubrutinib	Tyrosine-protein kinase FRK
1267	Zanubrutinib	Tyrosine-protein kinase Lck
1268	Zanubrutinib	Tyrosine-protein kinase TXK
1269	Citrulline	Argininosuccinate synthase
1270	Citrulline	N(G),N(G)-dimethylarginine dimethylaminohydrolase 2
1271	Citrulline	Argininosuccinate synthetase, isoform CRA_a
1272	Citrulline	N(G),N(G)-dimethylarginine dimethylaminohydrolase 1
1273	Citrulline	Ornithine carbamoyltransferase, mitochondrial
1274	Citrulline	Nitric oxide synthase, brain
1275	Citrulline	Nitric oxide synthase, inducible
1276	Citrulline	Nitric oxide synthase, endothelial
1277	Citrulline	Protein-arginine deiminase type-6
1278	Citrulline	Protein-arginine deiminase type-1
1279	Citrulline	Protein-arginine deiminase type-3
1280	Citrulline	Protein-arginine deiminase type-2
1281	Citrulline	Protein-arginine deiminase type-4
1282	Tranilast	Hematopoietic prostaglandin D synthase
1283	GC-376 free acid	Replicase polyprotein 1ab
1284	GC-376 free acid	Replicase polyprotein 1a
1285	Ceftriaxone	Penicillin-binding protein 2B
1286	Ceftriaxone	Solute carrier family 22 member 11
1287	Ceftriaxone	Solute carrier family 22 member 6
1288	Ceftriaxone	Solute carrier family 22 member 8
1289	Ceftriaxone	Solute carrier family 15 member 1
1290	Valsartan	Type-1 angiotensin II receptor
1291	Acalabrutinib	Tyrosine-protein kinase BTK
1292	Prednisone	Glucocorticoid receptor
1293	Fingolimod	Sphingosine 1-phosphate receptor 5
1294	Fingolimod	Histone deacetylase 1
1295	Fingolimod	Sphingosine 1-phosphate receptor 1
1296	Fingolimod	Sphingosine 1-phosphate receptor 4
1297	Fingolimod	Sphingosine 1-phosphate receptor 3
1298	Nelfinavir	HIV-1 protease
1299	Amlodipine	Voltage-dependent L-type calcium channel subunit alpha-1C
1300	Amlodipine	Voltage-dependent N-type calcium channel subunit alpha-1B
1301	Amlodipine	Voltage-dependent L-type calcium channel subunit beta-1
1302	Amlodipine	Voltage-dependent calcium channel subunit alpha-2/delta-3
1303	Amlodipine	Carbonic anhydrase 1
1304	Amlodipine	Sphingomyelin phosphodiesterase
1305	Amlodipine	Voltage-dependent T-type calcium channel subunit alpha-1I
1306	Amlodipine	Voltage-dependent N-type calcium channel subunit alpha
1307	Metenkefalin	Delta-type opioid receptor
1308	Metenkefalin	Mu-type opioid receptor
1309	Lipoic acid	Lipoyltransferase 1, mitochondrial
1310	Lipoic acid	Lipoyl synthase, mitochondrial
1311	Lipoic acid	Sodium-dependent multivitamin transporter
1312	Methylprednisolone	Glucocorticoid receptor
1313	Methylprednisolone	Annexin A1
1314	Brequinar	Dihydroorotate dehydrogenase (quinone), mitochondrial
1315	Roxithromycin	50S ribosomal protein L10
1316	Roxithromycin	P-glycoprotein 1
1317	Metronidazole	Oxygen-insensitive NADPH nitroreductase
1318	Daclatasvir	Nonstructural protein 5A
1319	Piperacillin	Penicillin-binding protein 3
1320	Piperacillin	Penicillin-binding protein 2B
1321	Piperacillin	Penicillin-binding protein 2a
1322	Piperacillin	Penicillin-binding protein 1b
1323	Diosmin	Aryl hydrocarbon receptor
1324	Piperine	Nuclear receptor subfamily 1 group I member 2
1325	Naltrexone	Delta-type opioid receptor
1326	Naltrexone	Mu-type opioid receptor
1327	Naltrexone	Kappa-type opioid receptor
1328	Naltrexone	HCG20471, isoform CRA_c
1329	Prednisolone acetate	Glucocorticoid receptor
1330	Pantoprazole	Potassium-transporting ATPase alpha chain 1
1331	Pantoprazole	N(G),N(G)-dimethylarginine dimethylaminohydrolase 1
1332	Tazobactam	Beta-lactamase TEM
1333	Tazobactam	Beta-lactamase Ohio-1
1334	Tazobactam	Beta-lactamase SHV-1
1335	Decitabine	DNA (cytosine-5)-methyltransferase 1
1336	Decitabine	DNA (cytosine-5)-methyltransferase 3A
1337	Decitabine	DNA (cytosine-5)-methyltransferase 3B
1338	Fluvoxamine	Sodium-dependent serotonin transporter
1339	Fluvoxamine	Potassium voltage-gated channel subfamily H member 2
1340	Mometasone furoate	Glucocorticoid receptor
1341	Mometasone furoate	Progesterone receptor
1342	Sulfamethoxazole	Dihydropteroate synthase
1343	Remdesivir	Replicase polyprotein 1ab
1344	Remdesivir	RNA-directed RNA polymerase L
1345	Estradiol	Estrogen receptor alpha
1346	Estradiol	Estrogen receptor beta
1347	Estradiol	Nuclear receptor subfamily 1 group I member 2
1348	Estradiol	Neuronal acetylcholine receptor subunit alpha-4
1349	Estradiol	G-protein coupled estrogen receptor 1
1350	Estradiol	ATP synthase subunit a
1351	Estradiol	Beclin-1
1352	Prednisolone	Glucocorticoid receptor
1353	Velpatasvir	Nonstructural protein 5A
1354	Artenimol	Actin, cytoplasmic 2
1355	Artenimol	Alpha-aminoadipic semialdehyde dehydrogenase
1356	Artenimol	Annexin A2
1357	Artenimol	ATP synthase subunit alpha, mitochondrial
1358	Artenimol	ATP synthase subunit g, mitochondrial
1359	Artenimol	ATP synthase subunit O, mitochondrial
1360	Artenimol	Calpastatin
1361	Artenimol	T-complex protein 1 subunit gamma
1362	Artenimol	Cofilin-1
1363	Artenimol	Chloride intracellular channel protein 1
1364	Artenimol	Cysteine and glycine-rich protein 1
1365	Artenimol	Dihydropyrimidinase-related protein 2
1366	Artenimol	Desmoplakin
1367	Artenimol	Elongation factor 1-alpha 1
1368	Artenimol	Alpha-enolase
1369	Artenimol	Filamin-A
1370	Artenimol	Alpha-ketoglutarate-dependent dioxygenase FTO
1371	Artenimol	Glucose-6-phosphate 1-dehydrogenase
1372	Artenimol	Glyceraldehyde-3-phosphate dehydrogenase, testis-specific
1373	Artenimol	Glucose-6-phosphate isomerase
1374	Artenimol	Heterogeneous nuclear ribonucleoproteins A2/B1
1375	Artenimol	Heterogeneous nuclear ribonucleoprotein D0
1376	Artenimol	Heterogeneous nuclear ribonucleoprotein K
1377	Artenimol	Heterochromatin protein 1-binding protein 3
1378	Artenimol	Heat shock protein beta-1
1379	Artenimol	Ras GTPase-activating-like protein IQGAP1
1380	Artenimol	Far upstream element-binding protein 2
1381	Artenimol	L-lactate dehydrogenase A chain
1382	Artenimol	L-lactate dehydrogenase B chain
1383	Artenimol	Galectin-1
1384	Artenimol	Microtubule-associated protein 4
1385	Artenimol	Malate dehydrogenase, cytoplasmic
1386	Artenimol	Puromycin-sensitive aminopeptidase
1387	Artenimol	Profilin-1
1388	Artenimol	Phosphoglycerate kinase 1
1389	Artenimol	Pyruvate kinase PKM
1390	Artenimol	Peptidyl-prolyl cis-trans isomerase A
1391	Artenimol	Peroxiredoxin-1
1392	Artenimol	60S ribosomal protein L10
1393	Artenimol	60S ribosomal protein L14
1394	Artenimol	60S ribosomal protein L18
1395	Artenimol	60S ribosomal protein L23a
1396	Artenimol	60S ribosomal protein L35
1397	Artenimol	60S ribosomal protein L4
1398	Artenimol	40S ribosomal protein S13
1399	Artenimol	40S ribosomal protein S17
1400	Artenimol	40S ribosomal protein S18
1401	Artenimol	40S ribosomal protein S19
1402	Artenimol	40S ribosomal protein S28
1403	Artenimol	40S ribosomal protein S5
1404	Artenimol	40S ribosomal protein S6
1405	Artenimol	40S ribosomal protein S8
1406	Artenimol	40S ribosomal protein S9
1407	Artenimol	Splicing factor 1
1408	Artenimol	Splicing factor, proline- and glutamine-rich
1409	Artenimol	Small nuclear ribonucleoprotein Sm D2
1410	Artenimol	Signal recognition particle 14 kDa protein
1411	Artenimol	Serine/arginine-rich splicing factor 4
1412	Artenimol	Transgelin
1413	Artenimol	Transgelin-2
1414	Artenimol	Triosephosphate isomerase
1415	Artenimol	Tropomyosin alpha-1 chain
1416	Artenimol	Tubulin alpha-1A chain
1417	Artenimol	Vimentin
1418	Artenimol	Zyxin
1419	Artenimol	Heat shock cognate 71 kDa protein
1420	Artenimol	Tubulin beta-6 chain
1421	Artenimol	Tubulin beta-4A chain
1422	Artenimol	Tubulin beta chain
1423	Artenimol	Fructose-bisphosphate aldolase A
1424	Artenimol	Glyceraldehyde-3-phosphate dehydrogenase
1425	Artenimol	Cytochrome c
1426	Artenimol	Phosphoglycerate mutase 1
1427	Artenimol	Myosin-9
1428	Artenimol	Protein disulfide-isomerase
1429	Artenimol	Probable ATP-dependent RNA helicase DDX5
1430	Artenimol	Serine hydroxymethyltransferase, mitochondrial
1431	Artenimol	Spliceosome RNA helicase DDX39B
1432	Artenimol	Nucleophosmin
1433	Artenimol	Translationally-controlled tumor protein homolog
1434	Artenimol	P-type Ca2+-transporting ATPase
1435	Artenimol	Ornithine aminotransferase
1436	Artenimol	Elongation factor 1-alpha
1437	Artenimol	Multidrug resistance protein
1438	Artenimol	Elongation factor 2
1439	Artenimol	Actin-1
1440	Artenimol	Fructose-bisphosphate aldolase
1441	Artenimol	Cell division cycle protein 48 homologue,putative
1442	Artenimol	Heat shock protein 90
1443	Artenimol	Eukaryotic initiation factor 4A
1444	Artenimol	Pyruvate kinase
1445	Artenimol	L-lactate dehydrogenase
1446	Artenimol	Thioredoxin-related protein, putative
1447	Artenimol	Spermidine synthase
1448	Artenimol	Probable ATP-dependent 6-phosphofructokinase
1449	Artenimol	Glutamate dehydrogenase
1450	Artenimol	Endoplasmin homolog, putative
1451	Artenimol	Hypoxanthine-guanine-xanthine phosphoribosyltransferase
1452	Artenimol	Enolase
1453	Artenimol	40S ribosomal protein S3
1454	Artenimol	Non-SERCA-type Ca2+-transporting P-ATPase
1455	Artenimol	Tubulin alpha chain
1456	Artenimol	Knob-associated histidine-rich protein
1457	Artenimol	S-adenosylmethionine synthase
1458	Artenimol	V-type H(+)-translocating pyrophosphatase, putative
1459	Artenimol	Phosphoethanolamine N-methyltransferase
1460	Artenimol	40S ribosomal protein S3a
1461	Artenimol	Conserved Plasmodium membrane protein
1462	Artenimol	60S ribosomal protein L3
1463	Artenimol	High molecular weight rhoptry protein 2
1464	Artenimol	Serine repeat antigen 5
1465	Artenimol	Glycophorin-binding protein
1466	Artenimol	Calcium-transporting ATPase
1467	Artenimol	V-type proton ATPase catalytic subunit A
1468	Artenimol	60S ribosomal protein L2
1469	Artenimol	Acyl-CoA synthetase
1470	Artenimol	Plasmepsin IV
1471	Artenimol	Plasmepsin-1
1472	Artenimol	Chloroquine resistance transporter
1473	Artenimol	14-3-3 protein
1474	Artenimol	Isoleucine--tRNA ligase, putative
1475	Artenimol	Plasmodium exported protein
1476	Artenimol	60S ribosomal protein L27
1477	Artenimol	Sec62, putative
1478	Artenimol	Autophagy-related protein 18, putative
1479	Artenimol	Mature parasite-infected erythrocyte surface antigen
1480	Artenimol	Importin-7, putative
1481	Artenimol	Importin subunit alpha
1482	Artenimol	Peptidyl-prolyl cis-trans isomerase
1483	Artenimol	DnaJ protein, putative
1484	Artenimol	Merozoite surface protein 1
1485	Artenimol	Glutamate--tRNA ligase
1486	Artenimol	T-complex protein 1 subunit eta
1487	Artenimol	Plasmepsin-2
1488	Artenimol	Chaperone, putative
1489	Artenimol	Rhoptry neck protein 3
1490	Artenimol	40S ribosomal protein S5, putative
1491	Artenimol	Skeleton-binding protein 1
1492	Artenimol	Purine nucleotide phosphorylase, putative
1493	Artenimol	Adenosylhomocysteinase
1494	Artenimol	Adenosine deaminase
1495	Artenimol	Methionine--tRNA ligase
1496	Artenimol	Carbamoyl phosphate synthetase
1497	Artenimol	Aspartate carbamoyltransferase
1498	Artenimol	Signal recognition particle receptor, beta subunit
1499	Artenimol	Parasite-infected erythrocyte surface protein
1500	Artenimol	Coatomer alpha subunit, putative
1501	Artenimol	Hexokinase
1502	Artenimol	Proteasome subunit alpha type
1503	Artenimol	Haloacid dehalogenase-like hydrolase
1504	Artenimol	Insulinase, putative
1505	Artenimol	40S ribosomal protein S21
1506	Artenimol	Ubiquitin-conjugating enzyme E2
1507	Artenimol	Eukaryotic translation initiation factor 3 subunit C
1508	Artenimol	60S ribosomal protein L24, putative
1509	Artenimol	60S ribosomal protein L23
1510	Artenimol	60S ribosomal protein L17, putative
1511	Artenimol	HAP protein
1512	Artenimol	Heat shock protein 110, putative
1513	Artenimol	60S ribosomal protein L10, putative
1514	Artenimol	Lysophospholipase, putative
1515	Artenimol	Polyadenylate-binding protein
1516	Artenimol	Ubiquitin-60S ribosomal protein L40
1517	Artenimol	Phosphoribosylpyrophosphate synthetase
1518	Artenimol	Thioredoxin peroxidase 1
1519	Artenimol	Protein transport protein SEC31
1520	Artenimol	Dipeptidyl aminopeptidase 1
1521	Artenimol	Ring-infected erythrocyte surface antigen
1522	Artenimol	ATP-dependent RNA helicase UAP56
1523	Artenimol	Calcium-dependent protein kinase 4
1524	Artenimol	GTP-binding nuclear protein Ran
1525	Artenimol	Nucleoside transporter 2
1526	Artenimol	Anamorsin homolog
1527	Artenimol	Glutamine synthetase, putative
1528	Artenimol	60S ribosomal protein L30e, putative
1529	Artenimol	Casein kinase 2, alpha subunit
1530	Artenimol	Threonine--tRNA ligase
1531	Artenimol	cAMP-dependent protein kinase regulatory subunit
1532	Artenimol	Elongation factor 1-gamma, putative
1533	Artenimol	Thioredoxin-like protein
1534	Artenimol	60S ribosomal protein L21
1535	Artenimol	60S ribosomal protein L14, putative
1536	Artenimol	Inner membrane complex sub-compartment protein 3
1537	Artenimol	HSP40, subfamily A, putative
1538	Artenimol	Pyridoxal 5'-phosphate synthase subunit Pdx1
1539	Artenimol	Serum albumin
1540	Irbesartan	Type-1 angiotensin II receptor
1541	Irbesartan	Transcription factor AP-1
1542	Atazanavir	Human immunodeficiency virus type 1 protease
1543	Tetrandrine	P-glycoprotein 1
1544	Aprepitant	Neurokinin 1 receptor
1545	Baloxavir marboxil	Polymerase acidic protein
1546	Dexmedetomidine	Alpha-2A adrenergic receptor
1547	Bemiparin	Coagulation factor X
1548	Bemiparin	Antithrombin-III
1549	Bemiparin	Heparin cofactor 2
1550	Colchicine	Tubulin beta chain
1551	Vitamin A	Retinol dehydrogenase 12
1552	Vitamin A	Short-chain dehydrogenase/reductase 3
1553	Vitamin A	Aldehyde dehydrogenase family 1 member A3
1554	Vitamin A	All-trans-retinol 13,14-reductase
1555	Vitamin A	Retinol dehydrogenase 11
1556	Vitamin A	Dehydrogenase/reductase SDR family member 4
1557	Vitamin A	Retinol dehydrogenase 14
1558	Vitamin A	Retinol dehydrogenase 8
1559	Vitamin A	Lecithin retinol acyltransferase
1560	Vitamin A	11-cis retinol dehydrogenase
1561	Vitamin A	Retinol dehydrogenase 13
1562	Vitamin A	Retinal dehydrogenase 2
1563	Vitamin A	Retinal dehydrogenase 1
1564	Vitamin A	Apolipoprotein D
1565	Vitamin A	Prostaglandin-H2 D-isomerase
1566	Etoposide	DNA topoisomerase 2-alpha
1567	Etoposide	DNA topoisomerase 2-beta
1568	Linagliptin	Dipeptidyl peptidase 4
1569	Creatine	Creatine kinase M-type
1570	Creatine	Creatine kinase U-type, mitochondrial
1571	Creatine	Creatine kinase B-type
1572	Creatine	Creatine kinase S-type, mitochondrial
1573	Creatine	Sodium- and chloride-dependent creatine transporter 1
1574	Creatine	Guanidinoacetate N-methyltransferase
1575	Icatibant	B2 bradykinin receptor
1576	Icatibant	Aminopeptidase N
1577	Fluoxetine	Sodium-dependent serotonin transporter
1578	Fluoxetine	5-hydroxytryptamine receptor 2C
1579	Fluoxetine	Neuronal acetylcholine receptor subunit alpha-2
1580	Fluoxetine	Neuronal acetylcholine receptor subunit alpha-3
1581	Fluoxetine	Neuronal acetylcholine receptor subunit beta-4
1582	Fluoxetine	Cyclin-dependent kinases regulatory subunit 1
1583	Fluoxetine	Potassium voltage-gated channel subfamily H member 2
1584	Nafamostat	Prothrombin
1585	Nafamostat	Coagulation factor X
1586	Nafamostat	Coagulation factor XII
1587	Nafamostat	Trypsin-1
1588	Nafamostat	Kallikrein-1
1589	Nafamostat	Intercellular adhesion molecule 1
1590	Verapamil	Voltage-dependent L-type calcium channel subunit alpha-1C
1591	Verapamil	Voltage-dependent N-type calcium channel subunit alpha-1B
1592	Verapamil	Voltage-dependent P/Q-type calcium channel subunit alpha-1A
1593	Verapamil	ATP-sensitive inward rectifier potassium channel 11
1594	Verapamil	Voltage-dependent T-type calcium channel subunit alpha-1G
1595	Verapamil	Voltage-dependent T-type calcium channel subunit alpha-1H
1596	Verapamil	Potassium voltage-gated channel subfamily H member 2
1597	Verapamil	Sodium-dependent serotonin transporter
1598	Verapamil	Alpha-1A adrenergic receptor
1599	Verapamil	Alpha-1B adrenergic receptor
1600	Verapamil	Alpha-1D adrenergic receptor
1601	Famotidine	Histamine H2 receptor
1602	Yohimbine	Alpha-2A adrenergic receptor
1603	Yohimbine	Alpha-2B adrenergic receptor
1604	Yohimbine	Alpha-2C adrenergic receptor
1605	Yohimbine	5-hydroxytryptamine receptor 1A
1606	Yohimbine	5-hydroxytryptamine receptor 1B
1607	Yohimbine	5-hydroxytryptamine receptor 1D
1608	Yohimbine	Dopamine D2 receptor
1609	Yohimbine	Dopamine D3 receptor
1610	Yohimbine	5-hydroxytryptamine receptor 2A
1611	Yohimbine	5-hydroxytryptamine receptor 2C
1612	Yohimbine	ATP-sensitive inward rectifier potassium channel 1
1613	Yohimbine	ATP-sensitive inward rectifier potassium channel 10
1614	Yohimbine	ATP-sensitive inward rectifier potassium channel 11
1615	Yohimbine	ATP-sensitive inward rectifier potassium channel 12
1616	Yohimbine	ATP-sensitive inward rectifier potassium channel 14
1617	Yohimbine	ATP-sensitive inward rectifier potassium channel 15
1618	Yohimbine	ATP-sensitive inward rectifier potassium channel 8
1619	Yohimbine	5-hydroxytryptamine receptor 2B
1620	Vitamin E	Nuclear receptor subfamily 1 group I member 2
1621	Vitamin E	Protein kinase C beta type
1622	Vitamin E	Arachidonate 5-lipoxygenase
1623	Vitamin E	Protein kinase C alpha type
1624	Vitamin E	Diacylglycerol kinase alpha
1625	Vitamin E	Serine/threonine-protein phosphatase 2A catalytic subunit beta isoform
1626	Vitamin E	Serine/threonine-protein phosphatase 2A catalytic subunit alpha isoform
1627	Vitamin E	SEC14-like protein 4
1628	Vitamin E	SEC14-like protein 3
1629	Vitamin E	SEC14-like protein 2
1630	Levamisole	Neuronal acetylcholine receptor subunit alpha-3
1631	Levamisole	Alkaline phosphatase, placental-like
1632	Levamisole	Acetylcholine receptor subunit alpha-type unc-38
1633	Levamisole	Acetylcholine receptor subunit alpha-type unc-63
1634	Levamisole	Acetylcholine receptor subunit beta-type lev-1
1635	Levamisole	Acetylcholine receptor subunit beta-type unc-29
1636	Cyclosporine	Calcium signal-modulating cyclophilin ligand
1637	Cyclosporine	Calcineurin subunit B type 2
1638	Cyclosporine	Peptidyl-prolyl cis-trans isomerase A
1639	Cyclosporine	Peptidyl-prolyl cis-trans isomerase F, mitochondrial
1640	Lenalidomide	Protein cereblon
1641	Lenalidomide	Tumor necrosis factor ligand superfamily member 11
1642	Lenalidomide	Cadherin-5
1643	Lenalidomide	Prostaglandin G/H synthase 2
